CASE_ID,ACCIDENT_YEAR,PROC_DATE,JURIS,COLLISION_DATE,COLLISION_TIME,OFFICER_ID,REPORTING_DISTRICT,DAY_OF_WEEK,CHP_SHIFT,POPULATION,CNTY_CITY_LOC,SPECIAL_COND,BEAT_TYPE,CHP_BEAT_TYPE,CITY_DIVISION_LAPD,CHP_BEAT_CLASS,BEAT_NUMBER,PRIMARY_RD,SECONDARY_RD,DISTANCE,DIRECTION,INTERSECTION,WEATHER_1,WEATHER_2,STATE_HWY_IND,CALTRANS_COUNTY,CALTRANS_DISTRICT,STATE_ROUTE,ROUTE_SUFFIX,POSTMILE_PREFIX,POSTMILE,LOCATION_TYPE,RAMP_INTERSECTION,SIDE_OF_HWY,TOW_AWAY,COLLISION_SEVERITY,NUMBER_KILLED,NUMBER_INJURED,PARTY_COUNT,PRIMARY_COLL_FACTOR,PCF_CODE_OF_VIOL,PCF_VIOL_CATEGORY,PCF_VIOLATION,PCF_VIOL_SUBSECTION,HIT_AND_RUN,TYPE_OF_COLLISION,MVIW,PED_ACTION,ROAD_SURFACE,ROAD_COND_1,ROAD_COND_2,LIGHTING,CONTROL_DEVICE,CHP_ROAD_TYPE,PEDESTRIAN_ACCIDENT,BICYCLE_ACCIDENT,MOTORCYCLE_ACCIDENT,TRUCK_ACCIDENT,NOT_PRIVATE_PROPERTY,ALCOHOL_INVOLVED,STWD_VEHTYPE_AT_FAULT,CHP_VEHTYPE_AT_FAULT,COUNT_SEVERE_INJ,COUNT_VISIBLE_INJ,COUNT_COMPLAINT_PAIN,COUNT_PED_KILLED,COUNT_PED_INJURED,COUNT_BICYCLIST_KILLED,COUNT_BICYCLIST_INJURED,COUNT_MC_KILLED,COUNT_MC_INJURED,PRIMARY_RAMP,SECONDARY_RAMP,LATITUDE,LONGITUDE,COUNTY,CITY,POINT_X,POINT_Y
9081404,2020,6/25/20,3711,3/11/20,1942,7633,,3,5,7,3711,0,0,0,,0,111,STALMER ST,ANGELUCCI ST,0,,Y,A,-,N,,,,,,,,,,N,4,0,1,2,A,-,10,21952,,N,G,B,F,-,H,-,D,D,0,Y,,,,Y,,-,,0,0,1,0,1,0,0,0,0,- ,- ,,,SAN DIEGO,SAN DIEGO,-117.1559601,32.80786133
9081427,2020,6/23/20,3711,3/13/20,1600,SD7056,,5,5,7,3711,0,0,0,,0,614,EBERS ST,LONG BRANCH AV,0,,Y,A,-,N,,,,,,,,,,N,4,0,1,2,A,-,21,22106,,N,D,C,A,A,H,-,A,D,0,,,,,Y,Y,A,8,0,0,1,0,0,0,0,0,0,- ,- ,,,SAN DIEGO,SAN DIEGO,-117.2424469,32.74761963
9081431,2020,7/6/20,3711,3/9/20,1149,SD7578,,1,5,7,3711,0,0,0,,0,611,CAMINO DEL RIO W,HANCOCK ST,0,,Y,A,-,N,,,,,,,,,,Y,4,0,1,2,A,-,- ,,,N,-,C,A,A,H,-,A,A,0,,,,Y,Y,,F,26,0,0,1,0,0,0,0,0,0,- ,- ,,,SAN DIEGO,SAN DIEGO,-117.2050781,32.75424957
9081435,2020,6/23/20,3711,3/13/20,1350,SD7660,,5,5,7,3711,0,0,0,,0,452,IMPERIAL AV,65TH ST,0,,Y,B,-,N,,,,,,,,,,Y,4,0,2,2,A,-,9,21801,A,N,D,C,A,B,H,-,A,A,0,,,,,Y,,A,7,0,0,2,0,0,0,0,0,0,- ,- ,,,SAN DIEGO,SAN DIEGO,-117.0580215,32.7105484
9081439,2020,6/23/20,3711,3/13/20,1308,SD4691,,5,5,7,3711,0,0,0,,0,234,POMERADO RD,STONE CANYON RD,50,S,N,C,-,N,,,,,,,,,,N,4,0,1,2,A,-,3,22350,,N,C,C,A,B,H,-,A,A,0,,,,,Y,,A,1,0,0,1,0,0,0,0,0,0,- ,- ,,,SAN DIEGO,SAN DIEGO,-117.0579071,33.00395584
9081441,2020,6/19/20,3711,3/13/20,1443,SD7177,,5,5,7,3711,0,0,0,,0,321,MISSION GORGE RD,ZION AV,0,,Y,B,-,N,,,,,,,,,,N,4,0,3,2,A,-,12,21453,A,N,D,C,A,A,H,-,A,A,0,,,,,Y,,A,1,0,0,3,0,0,0,0,0,0,- ,- ,,,SAN DIEGO,SAN DIEGO,-117.09758,32.79294968
9081725,2020,8/31/20,3711,3/6/20,1800,SD6564,,5,5,7,3711,0,0,0,,0,126,GILMAN DR,LA JOLLA VILLAGE DR,0,,Y,A,-,N,,,,,,,,,,N,4,0,3,2,A,-,12,21453,A,N,A,C,A,A,H,-,C,A,0,,,,,Y,,A,1,0,0,3,0,0,0,0,0,0,- ,- ,,,SAN DIEGO,SAN DIEGO,-117.2379379,32.87168884
9082483,2020,7/7/20,3711,3/19/20,2040,SD8861,,4,5,7,3711,0,0,0,,0,524,FRONT ST,W B ST,135,S,N,A,-,N,,,,,,,,,,N,4,0,1,2,A,-,11,21954,A,N,G,B,D,A,H,-,C,D,0,Y,,,,Y,,N,60,0,0,1,0,1,0,0,0,0,- ,- ,,,SAN DIEGO,SAN DIEGO,-117.1647263,32.71741104
9082554,2020,7/9/20,3711,3/18/20,1608,SD7821,,3,5,7,3711,0,0,0,,0,813,UPAS ST,UPAS ST 3000,0,,Y,C,-,N,,,,,,,,,,N,4,0,1,2,A,-,10,21950,A,N,G,B,B,B,H,-,A,A,0,Y,,,,Y,,D,22,0,0,1,0,1,0,0,0,0,- ,- ,,,SAN DIEGO,SAN DIEGO,,
9082558,2020,7/9/20,3711,3/17/20,2006,SD7945,,2,5,7,3711,0,0,0,,0,823,60TH ST,UNIVERSITY AV,0,,Y,B,-,N,,,,,,,,,,Y,3,0,2,2,A,-,9,21800,D,N,B,C,A,A,H,-,E,B,0,,,,,Y,,A,1,0,1,1,0,0,0,0,0,0,- ,- ,,,SAN DIEGO,SAN DIEGO,-117.0669022,32.75234985
9082571,2020,6/26/20,3711,3/19/20,1908,SD7460,,4,5,7,3711,0,0,0,,0,618,CATALINA BL,SANTA BARBARA ST,0,,Y,B,-,N,,,,,,,,,,Y,4,0,1,2,A,-,9,21802,A,N,D,C,A,A,H,-,D,D,0,,,,,Y,,A,1,0,0,1,0,0,0,0,0,0,- ,- ,,,SAN DIEGO,SAN DIEGO,-117.2452393,32.72369003
9082575,2020,7/17/20,3711,3/9/20,1310,SD7650,,1,5,7,3711,0,0,0,,0,124,LA JOLLA BL,COLIMA ST,215,S,N,A,-,N,,,,,,,,,,Y,3,0,1,2,A,-,4,21703,,N,D,C,A,A,H,-,A,D,0,,,Y,,Y,,C,3,0,1,0,0,0,0,0,0,1,- ,- ,,,SAN DIEGO,SAN DIEGO,-117.2661514,32.81061935
9082579,2020,6/26/20,3711,3/20/20,1354,SD7722,,5,5,7,3711,0,0,0,,0,834,DWIGHT ST,FAIRMONT AV,22,N,N,A,-,N,,,,,,,,,,Y,3,0,2,3,A,-,8,22107,,N,B,C,A,A,H,-,A,A,0,,,,,Y,,A,1,0,1,1,0,0,0,0,0,0,- ,- ,,,SAN DIEGO,SAN DIEGO,-117.1009827,32.74401093
9082583,2020,9/22/20,3711,3/20/20,2500,SD8377,,5,5,7,3711,0,0,0,,0,517,BROADWAY,RT 94,20,W,N,A,-,Y,SD,11,94,-,-,2.703,R,4,W,Y,4,0,2,2,A,-,9,21801,A,N,A,C,A,A,H,-,A,D,0,,,,,Y,,A,1,0,0,2,0,0,0,0,0,0,- ,WF,,,SAN DIEGO,SAN DIEGO,-117.125824,32.7149086
9082587,2020,6/26/20,3711,3/20/20,1703,SD7332,,5,5,7,3711,0,0,0,,0,813,MADISON AV,IDAHO ST,0,,Y,A,-,N,,,,,,,,,,N,4,0,1,2,D,-,0,,,N,D,C,A,A,H,-,A,D,0,,,,,Y,,-,- ,0,0,1,0,0,0,0,0,0,- ,- ,,,SAN DIEGO,SAN DIEGO,-117.1339111,32.76100159
9082591,2020,7/16/20,3711,3/17/20,1900,SD7475,,2,5,7,3711,0,0,0,,0,441,OCEAN VIEW BL,SOUTH 40TH ST,0,,Y,A,-,N,,,,,,,,,,Y,4,0,1,3,A,-,12,21453,A,M,C,E,A,A,H,-,C,A,0,,,,,Y,,A,1,0,0,1,0,0,0,0,0,0,- ,- ,,,SAN DIEGO,SAN DIEGO,-117.1080704,32.70130157
9082595,2020,7/16/20,3711,3/18/20,1142,SD8447,,3,5,7,3711,0,0,0,,0,712,CAMINO DE LA PLAZA,SIPES LN,0,,Y,C,-,N,,,,,,,,,,N,4,0,1,2,A,-,3,22350,,N,C,C,A,B,G,-,A,D,0,,,,,Y,,A,1,0,0,1,0,0,0,0,0,0,- ,- ,,,SAN DIEGO,SAN DIEGO,-117.0458984,32.54476166
9082599,2020,9/21/20,3711,3/18/20,1250,SD7008,,3,5,7,3711,0,0,0,,0,441,IMPERIAL AV,RT 805,0,,Y,C,-,Y,SD,11,805,-,-,12.507,R,4,S,N,4,0,1,2,A,-,12,21453,A,N,D,C,A,B,H,-,A,A,0,,,,,Y,,D,22,0,0,1,0,0,0,0,0,0,- ,SF,,,SAN DIEGO,SAN DIEGO,-117.0961914,32.70640945
9082603,2020,6/26/20,3711,3/18/20,1550,SD7955,,3,5,7,3711,0,0,0,,0,242,MIRA MESA BL,WESTVIEW PKWY,0,,Y,B,-,N,,,,,,,,,,N,4,0,1,2,A,-,8,22107,,N,D,C,A,B,H,-,A,A,0,,,,,Y,,-,,0,0,1,0,0,0,0,0,0,- ,- ,,,SAN DIEGO,SAN DIEGO,-117.1205215,32.91732025
9082607,2020,6/26/20,3711,3/18/20,1627,SD6671,,3,5,7,3711,0,0,0,,0,827,UNIVERSITY AV,54TH ST,0,,Y,B,-,N,,,,,,,,,,N,4,0,4,3,A,-,3,22350,,N,C,C,A,B,H,-,A,A,0,,,,,Y,,A,1,0,0,4,0,0,0,0,0,0,- ,- ,,,SAN DIEGO,SAN DIEGO,-117.079483,32.74879074
9082904,2020,7/10/20,3711,3/4/20,923,SD6834,,3,5,7,3711,0,0,0,,0,124,PROSPECT PL,EXCHANGE PL,0,,Y,A,-,N,,,,,,,,,,N,4,0,2,3,A,-,3,22350,,N,C,C,A,-,H,-,A,D,0,,,,,Y,,A,1,0,0,2,0,0,0,0,0,0,- ,- ,,,SAN DIEGO,SAN DIEGO,-117.270401,32.84846115
9082908,2020,7/7/20,3711,3/6/20,2344,SD4310,,5,5,7,3711,0,0,0,,0,122,INGRAHAM ST,THOMAS AV,37,N,N,A,-,N,,,,,,,,,,N,2,0,1,2,A,-,11,21954,A,F,G,B,D,A,H,-,C,D,0,Y,,,,Y,Y,N,60,1,0,0,0,1,0,0,0,0,- ,- ,,,SAN DIEGO,SAN DIEGO,-117.2399826,32.79695892
9082912,2020,7/7/20,3711,3/7/20,1823,SD6564,,6,5,7,3711,0,0,0,,0,111,BALBOA AV,BALBOA AV 5800,0,,N,B,-,N,,,,,,,,,,Y,2,0,1,2,A,-,11,21954,A,N,G,B,D,A,H,-,C,A,0,Y,,,,Y,,N,60,1,0,0,0,1,0,0,0,0,- ,- ,,,SAN DIEGO,SAN DIEGO,,
9082916,2020,7/7/20,3711,3/8/20,2127,SD6513,,7,5,7,3711,0,0,0,,0,242,MIRA MESA BL,REAGAN RD,0,,Y,A,-,N,,,,,,,,,,N,2,0,1,2,A,-,11,21954,A,N,G,B,D,A,H,-,C,A,0,Y,,,,Y,,N,60,1,0,0,0,1,0,0,0,0,- ,- ,,,SAN DIEGO,SAN DIEGO,-117.1492004,32.91250992
9082920,2020,7/7/20,3711,3/8/20,2107,SD6967,,7,5,7,3711,0,0,0,,0,446,SOUTH EUCLID AV,MANZANARES AV,115,N,N,A,-,N,,,,,,,,,,N,2,0,1,2,A,-,11,21954,A,F,G,B,D,A,H,-,C,D,0,Y,,,,Y,,N,60,1,0,0,0,1,0,0,0,0,- ,- ,,,SAN DIEGO,SAN DIEGO,-117.0850067,32.70357513
9082924,2020,7/7/20,3711,3/11/20,1320,SD5842,,3,5,7,3711,0,0,0,,0,931,SHAW LOPEZ RD,SORRENTO VALLEY BL,442,S,N,A,-,N,,,,,,,,,,N,3,0,1,1,A,-,8,22107,,N,E,I,A,A,H,-,A,D,0,,,,,Y,,A,1,0,1,0,0,0,0,0,0,0,- ,- ,,,SAN DIEGO,SAN DIEGO,-117.1917648,32.91362381
9082928,2020,7/7/20,3711,3/9/20,1000,SD7008,,1,5,7,3711,0,0,0,,0,446,LOGAN AV,SOUTH 47TH ST,60,W,N,A,-,N,,,,,,,,,,Y,3,0,2,2,A,-,9,21801,A,N,D,C,A,A,H,-,A,A,0,,,,,Y,,A,1,0,1,1,0,0,0,0,0,0,- ,- ,,,SAN DIEGO,SAN DIEGO,-117.0939407,32.6967926
9082932,2020,7/7/20,3711,3/10/20,1230,SD7681,,2,5,7,3711,0,0,0,,0,313,COPLEY DR,CUL DE SAC OF COPLEY DR,0,,Y,B,-,N,,,,,,,,,,N,4,0,1,2,A,-,9,21804,A,N,A,-,A,B,H,-,A,D,0,,,,,Y,,A,1,0,0,1,0,0,0,0,0,0,- ,- ,,,SAN DIEGO,SAN DIEGO,,
9082936,2020,7/7/20,3711,3/16/20,602,SD5985,,1,5,7,3711,0,0,0,,0,323,COLLEGE AV,DEL CERRO BL,0,,Y,B,-,N,,,,,,,,,,Y,3,0,1,2,A,-,12,21453,A,N,D,C,A,A,H,-,C,A,0,,,,,Y,,A,7,0,1,0,0,0,0,0,0,0,- ,- ,,,SAN DIEGO,SAN DIEGO,-117.0620575,32.78337097
9082940,2020,7/7/20,3711,3/17/20,1225,SD5700,,2,5,7,3711,0,0,0,,0,521,17TH ST,MARKET ST,0,,Y,A,-,N,,,,,,,,,,Y,3,0,2,2,A,-,17,21461,A,N,D,C,A,A,H,-,A,A,0,,,,,Y,,A,1,0,2,0,0,0,0,0,0,0,- ,- ,,,SAN DIEGO,SAN DIEGO,-117.1485519,32.71154022
9082985,2020,7/10/20,3711,3/8/20,1756,HB5062,,7,5,7,3711,0,0,0,,0,503,NORTH HARBOR DR,SPANISH LANDING EAST,162,E,N,A,-,N,,,,,,,,,,Y,4,0,2,2,A,-,3,22350,,N,C,C,A,A,H,-,A,A,0,,,,,Y,Y,A,1,0,0,2,0,0,0,0,0,0,- ,- ,,,SAN DIEGO,SAN DIEGO,-117.2131882,32.72866058
9082989,2020,7/10/20,3711,3/1/20,400,HP6089,,7,5,7,3711,0,0,0,,0,504,NORTH HARBOR DR,WEST BROADWAY,259,S,N,B,-,N,,,,,,,,,,N,3,0,1,1,A,-,3,22350,,N,E,I,A,A,H,-,C,D,0,,,,,Y,,A,1,0,1,0,0,0,0,0,0,0,- ,- ,,,SAN DIEGO,SAN DIEGO,-117.1731339,32.71499252
9083952,2020,6/10/20,3711,2/19/20,2005,SD6955,,3,5,7,3711,0,0,0,,0,445,MARKET ST,EUCLID AV,0,,Y,-,-,N,,,,,,,,,,N,4,0,1,2,A,-,12,21453,A,N,-,-,A,-,-,-,-,-,0,,,,,Y,,-,,0,0,1,0,0,0,0,0,0,- ,- ,,,SAN DIEGO,SAN DIEGO,-117.0850296,32.71046066
9084019,2020,7/9/20,3711,3/23/20,1510,SD5679,,1,5,7,3711,0,0,0,,0,242,MIRA MESA BL,WESTVIEW PKWY,0,,Y,B,-,N,,,,,,,,,,Y,4,0,2,2,A,-,12,21453,A,N,D,C,A,B,H,-,A,A,0,,,,,Y,,A,7,0,0,2,0,0,0,0,0,0,- ,- ,,,SAN DIEGO,SAN DIEGO,-117.1205215,32.91732025
9084023,2020,7/6/20,3711,3/21/20,2500,SD7896,,6,5,7,3711,0,0,0,,0,233,LA TORTOLA,CALLE DE LAS ROSAS,0,,Y,A,-,N,,,,,,,,,,N,3,0,1,2,A,-,12,22450,A,N,H,E,A,A,H,-,A,A,0,,Y,,Y,Y,,L,4,0,1,0,0,0,0,1,0,0,- ,- ,,,SAN DIEGO,SAN DIEGO,-117.115509,32.95191193
9084242,2020,6/29/20,3711,3/24/20,1837,SD6391,,2,5,7,3711,0,0,0,,0,246,SCIPPS POWAY PARKWAY,CYPRESS CANYON,0,,Y,A,-,N,,,,,,,,,,Y,4,0,2,2,D,-,0,,,N,A,C,A,-,-,-,A,A,0,,,,,Y,,-,- ,0,0,2,0,0,0,0,0,0,- ,- ,,,SAN DIEGO,SAN DIEGO,-117.0844498,32.93412018
9084246,2020,6/29/20,3711,3/24/20,2028,SD8334,,2,5,7,3711,0,0,0,,0,451,54TH ST,KRENNING ST,500,S,N,A,-,N,,,,,,,,,,Y,4,0,1,2,A,-,3,22350,,N,C,C,A,A,H,-,C,D,0,,,,,Y,,A,1,0,0,1,0,0,0,0,0,0,- ,- ,,,SAN DIEGO,SAN DIEGO,-117.0798416,32.73450089
9084250,2020,6/29/20,3711,3/24/20,2000,SD7604,,2,5,7,3711,0,0,0,,0,323,COLLEGE AV,ROCKHURST,0,,Y,A,-,N,,,,,,,,,,N,4,0,2,2,A,-,9,21802,A,N,D,C,A,A,H,-,C,A,0,,,,,Y,,A,1,0,0,2,0,0,0,0,0,0,- ,- ,,,SAN DIEGO,SAN DIEGO,-117.062851,32.78538895
9084254,2020,6/29/20,3711,3/25/20,1915,SD7449,,3,5,7,3711,0,0,0,,0,122,LAMONT ST,FELSPAR,0,,Y,B,-,N,,,,,,,,,,Y,4,0,1,2,A,-,8,22107,,M,D,C,A,A,H,-,C,D,0,,,,,Y,,A,1,0,0,1,0,0,0,0,0,0,- ,- ,,,SAN DIEGO,SAN DIEGO,-117.2356339,32.8019104
9084258,2020,6/30/20,3711,3/25/20,2218,SD6366,,3,5,7,3711,0,0,0,,0,724,HOLLISTER ST,PALM AV,233,N,N,B,-,N,,,,,,,,,,N,3,0,1,1,A,-,3,22350,,N,F,A,A,A,A,-,D,D,0,,Y,,,Y,,L,4,0,1,0,0,0,0,1,0,0,- ,- ,,,SAN DIEGO,SAN DIEGO,-117.0840759,32.58441925
9084262,2020,6/29/20,3711,3/26/20,1220,SD7803,,4,5,7,3711,0,0,0,,0,836,FAIRMOUNT AV,POPLAR,15,W,N,A,-,N,,,,,,,,,,Y,4,0,1,2,A,-,9,21801,A,N,D,C,A,A,H,-,A,A,0,,,,,Y,,A,8,0,0,1,0,0,0,0,0,0,- ,- ,,,SAN DIEGO,SAN DIEGO,-117.1009903,32.73841858
9084266,2020,6/30/20,3711,3/23/20,1541,SD7784,,1,5,7,3711,0,0,0,,0,813,UNIVERSITY AV,ALABAMA ST,20,E,N,A,-,N,,,,,,,,,,N,4,0,1,1,D,-,0,,,N,H,A,A,A,H,-,A,D,0,,Y,,,Y,,-,- ,0,0,1,0,0,0,1,0,0,- ,- ,,,SAN DIEGO,SAN DIEGO,-117.1424484,32.74843979
9084270,2020,6/29/20,3711,3/18/20,1045,SD5662,,3,5,7,3711,0,0,0,,0,116,CLAIREMONT BL,RAPPAHANNOCK AV,528,S,N,C,-,N,,,,,,,,,,N,3,0,1,2,A,-,8,22107,,N,B,G,A,B,H,-,A,D,0,,Y,,,Y,Y,L,4,0,1,0,0,0,0,1,0,0,- ,- ,,,SAN DIEGO,SAN DIEGO,-117.1998825,32.80450439
9084274,2020,6/29/20,3711,3/18/20,1418,SD5624,,3,5,7,3711,0,0,0,,0,931,MIRA MESA BL,SCRANTON RD,0,,Y,A,-,N,,,,,,,,,,Y,3,0,1,2,A,-,9,21453,C,N,D,C,A,A,H,-,A,A,0,,,,,Y,,A,1,0,1,0,0,0,0,0,0,0,- ,- ,,,SAN DIEGO,SAN DIEGO,-117.2016296,32.89273071
9084278,2020,6/30/20,3711,3/21/20,1055,SD4310,,6,5,7,3711,0,0,0,,0,521,ISLAND AV,6TH AV,0,,Y,A,-,N,,,,,,,,,,N,4,0,1,2,A,-,10,21950,A,N,G,B,B,A,H,-,A,A,0,Y,,,,Y,,A,1,0,0,1,0,1,0,0,0,0,- ,- ,,,SAN DIEGO,SAN DIEGO,-117.1592102,32.71044159
9084282,2020,6/30/20,3711,3/17/20,1445,SD5918,,2,5,7,3711,0,0,0,,0,451,EUCLID AV,BEECH ST,65,S,N,A,-,N,,,,,,,,,,N,4,0,2,2,B,-,22,,,N,D,C,A,A,H,-,A,A,0,,,,,Y,,A,1,0,0,2,0,0,0,0,0,0,- ,- ,,,SAN DIEGO,SAN DIEGO,-117.0849533,32.71933365
9084286,2020,10/14/20,3711,3/22/20,1009,SD7782,,7,5,7,3711,0,0,0,,0,934,CARMEL COUNTRY RD,DEL MAR HEIGHTS RD,0,,Y,A,-,N,,,,,,,,,,N,3,0,1,2,A,-,12,21453,A,N,D,G,A,A,H,-,A,A,0,,Y,,,Y,,-,,0,1,0,0,0,0,1,0,0,- ,- ,,,SAN DIEGO,SAN DIEGO,-117.2297516,32.95547104
9084290,2020,6/30/20,3711,3/23/20,2125,SD8816,,1,5,7,3711,0,0,0,,0,115,NOBEL DR,LEBON DR,15,E,N,A,-,N,,,,,,,,,,Y,4,0,1,2,A,-,3,22350,,N,C,C,A,A,H,-,C,A,0,,,,,Y,,A,1,0,0,1,0,0,0,0,0,0,- ,- ,,,SAN DIEGO,SAN DIEGO,-117.2248306,32.86852264
9084294,2020,6/29/20,3711,3/16/20,1123,SD7681,,1,5,7,3711,0,0,0,,0,313,SHAWLINE ST,CLAREMONT MESA BL,528,S,N,B,-,N,,,,,,,,,,N,4,0,1,3,A,-,8,22107,,N,G,B,F,A,H,-,A,A,0,Y,,Y,,Y,,-,,0,0,1,0,1,0,0,0,0,- ,- ,,,SAN DIEGO,SAN DIEGO,-117.1638184,32.83120346
9084298,2020,6/29/20,3711,3/16/20,2006,SD6564,,1,5,7,3711,0,0,0,,0,824,COLLWOOD BL,54TH ST,0,,Y,B,-,N,,,,,,,,,,N,2,0,2,3,A,-,10,21950,A,N,G,B,B,A,H,-,C,A,0,Y,,,,Y,,A,1,1,1,0,0,2,0,0,0,0,- ,- ,,,SAN DIEGO,SAN DIEGO,-117.0794373,32.75880814
9084302,2020,6/29/20,3711,3/29/20,1500,SD7444,,7,5,7,3711,0,0,0,,0,116,MORENA BL,LITTLEFIELD,125,N,N,A,-,N,,,,,,,,,,N,3,0,1,3,A,-,3,22350,,M,G,E,A,A,H,-,A,D,0,,,,,Y,Y,A,1,0,1,0,0,0,0,0,0,0,- ,- ,,,SAN DIEGO,SAN DIEGO,-117.2074432,32.78072739
9084306,2020,6/30/20,3711,3/10/20,2500,SD6532,,2,5,7,3711,0,0,0,,0,123,WEST MISSION BAY DR,DANA LANDING,52,E,N,C,-,N,,,,,,,,,,N,2,0,1,2,A,-,11,21954,A,N,G,B,D,B,H,-,C,A,0,Y,,,,Y,Y,N,60,1,0,0,0,1,0,0,0,0,- ,- ,,,SAN DIEGO,SAN DIEGO,-117.2377777,32.76539612
9085701,2020,7/29/20,3711,4/25/20,1302,SD7842,,6,5,7,3711,0,0,0,,0,451,54TH ST,LAUREL ST,170,S,N,A,-,N,,,,,,,,,,N,3,0,1,2,A,-,3,22350,,N,C,C,A,A,H,-,A,D,0,,,Y,,Y,,C,2,0,1,0,0,0,0,0,0,1,- ,- ,,,SAN DIEGO,SAN DIEGO,-117.0799179,32.73022461
9085702,2020,7/29/20,3711,4/25/20,911,SD7867,,6,5,7,3711,0,0,0,,0,614,SUNSET CLIFFS,NIMITZ BL,9,W,N,A,-,N,,,,,,,,,,Y,4,0,2,2,A,-,12,21453,A,N,A,C,A,A,H,-,A,A,0,,,,,Y,,A,1,0,0,2,0,0,0,0,0,0,- ,- ,,,SAN DIEGO,SAN DIEGO,-117.2373276,32.75410843
9085703,2020,7/29/20,3711,4/24/20,1806,SD8377,,5,5,7,3711,0,0,0,,0,521,MARKET ST,15TH ST,24,W,N,A,-,N,,,,,,,,,,N,4,0,2,2,A,-,9,21800,A,N,D,C,A,A,H,-,B,A,0,,,,,Y,,A,7,0,0,2,0,0,0,0,0,0,- ,- ,,,SAN DIEGO,SAN DIEGO,-117.1504593,32.71152878
9085704,2020,7/29/20,3711,4/24/20,1510,SD7277,,5,5,7,3711,0,0,0,,0,446,SOUTH 47TH ST,T ST,238,S,N,A,-,N,,,,,,,,,,N,4,0,1,2,A,-,4,21703,,M,C,C,A,A,H,-,A,D,0,,,,,Y,,-,99,0,0,1,0,0,0,0,0,0,- ,- ,,,SAN DIEGO,SAN DIEGO,-117.0937271,32.6979599
9085705,2020,7/29/20,3711,4/24/20,1210,SD7174,,5,5,7,3711,0,0,0,,0,115,NOBLE DR,CAMINITO PLAZA CTR,0,,Y,A,-,N,,,,,,,,,,N,3,0,1,2,A,-,10,21950,A,M,B,B,B,A,H,-,A,A,0,Y,,,,Y,,-,99,0,1,0,0,1,0,0,0,0,- ,- ,,,SAN DIEGO,SAN DIEGO,,
9085706,2020,7/28/20,3711,4/24/20,754,SD6833,,5,5,7,3711,0,0,0,,0,822,EL CAJON BL,ALICE ST,0,,Y,A,-,N,,,,,,,,,,N,4,0,1,2,A,-,8,22107,,N,D,C,A,A,H,-,A,D,0,,,,,Y,,I,11,0,0,1,0,0,0,0,0,0,- ,- ,,,SAN DIEGO,SAN DIEGO,-117.0714722,32.7592392
9085707,2020,10/19/20,3711,4/20/20,1836,SD7219,,1,5,7,3711,0,0,0,,0,616,TALBOT ST,EVERGREEN ST,0,,Y,B,-,N,,,,,,,,,,N,3,0,1,2,A,-,9,21801,A,M,D,C,A,A,H,-,B,D,0,,,,,Y,,A,1,0,1,0,0,0,0,0,0,0,- ,- ,,,SAN DIEGO,SAN DIEGO,-117.2344818,32.72052002
9085711,2020,7/28/20,3711,4/27/20,915,SD7423,,1,5,7,3711,0,0,0,,0,627,B ST,11TH AV,0,,Y,-,-,N,,,,,,,,,,N,4,0,2,2,A,-,8,22107,,N,D,C,A,-,-,-,-,-,0,,,,,Y,,-,,0,0,2,0,0,0,0,0,0,- ,- ,,,SAN DIEGO,SAN DIEGO,-117.1547318,32.71783066
9085712,2020,8/10/20,3711,4/27/20,1523,SD7874,,1,5,7,3711,0,0,0,,0,124,8600 LA JOLLA SHORES DRIVE,NAGA WAY,0,,Y,A,-,N,,,,,,,,,,N,3,0,1,2,A,-,- ,,,N,H,G,A,A,H,-,A,D,0,,Y,,,Y,,D,22,0,1,0,0,0,0,1,0,0,- ,- ,,,SAN DIEGO,SAN DIEGO,-117.2522736,32.86565018
9085714,2020,7/28/20,3711,4/28/20,1120,SD7441,,2,5,7,3711,0,0,0,,0,529,4TH AV,DATE ST,0,,Y,A,-,N,,,,,,,,,,N,4,0,1,2,A,-,12,22450,A,N,D,D,A,-,H,-,A,D,0,,,,,Y,,A,1,0,0,1,0,0,0,0,0,0,- ,- ,,,SAN DIEGO,SAN DIEGO,-117.1611404,32.72303009
9085871,2020,7/24/20,3711,4/25/20,2100,SD7748,,6,5,7,3711,0,0,0,,0,623,FRIARS RD,FASHION VALLEY RD,600,W,N,A,-,N,,,,,,,,,,N,3,0,2,2,A,-,4,21703,,N,C,C,A,A,H,-,C,D,0,,,Y,,Y,,A,1,0,2,0,0,0,0,0,0,2,- ,- ,,,SAN DIEGO,SAN DIEGO,-117.1733627,32.76805115
9085872,2020,7/24/20,3711,4/25/20,1329,SD7782,,6,5,7,3711,0,0,0,,0,935,PACIFIC HIGHLANDS RANCH PKWY,MOONFLOWER MEADOWS TRL,0,,Y,A,-,N,,,,,,,,,,N,4,0,1,2,A,-,9,21802,A,N,A,G,A,A,H,-,A,A,0,,Y,,,Y,,A,1,0,0,1,0,0,0,1,0,0,- ,- ,,,SAN DIEGO,SAN DIEGO,-117.1919403,32.96389008
9086264,2020,10/1/20,3711,5/4/20,1907,SD4243,,1,5,7,3711,0,0,0,,0,114,CLAIREMONT MESA BL,LONGFORD ST,0,,Y,A,-,N,,,,,,,,,,Y,2,0,2,3,A,-,12,21453,A,N,D,C,A,A,H,-,A,A,0,,,,,Y,Y,D,22,2,0,0,0,0,0,0,0,0,- ,- ,,,SAN DIEGO,SAN DIEGO,-117.1827011,32.83449936
9086268,2020,10/29/20,3711,5/9/20,1400,SD7720,,6,5,7,3711,0,0,0,,0,813,JUNIPER ST,COMMONWEALTH AV,0,,Y,A,-,N,,,,,,,,,,Y,4,0,1,2,A,-,12,22450,A,M,D,C,A,A,H,-,A,D,0,,,,Y,Y,,F,26,0,0,1,0,0,0,0,0,0,- ,- ,,,SAN DIEGO,SAN DIEGO,-117.1185608,32.73006058