CASE_ID,ACCIDENT_YEAR,PROC_DATE,JURIS,COLLISION_DATE,COLLISION_TIME,OFFICER_ID,REPORTING_DISTRICT,DAY_OF_WEEK,CHP_SHIFT,POPULATION,CNTY_CITY_LOC,SPECIAL_COND,BEAT_TYPE,CHP_BEAT_TYPE,CITY_DIVISION_LAPD,CHP_BEAT_CLASS,BEAT_NUMBER,PRIMARY_RD,SECONDARY_RD,DISTANCE,DIRECTION,INTERSECTION,WEATHER_1,WEATHER_2,STATE_HWY_IND,CALTRANS_COUNTY,CALTRANS_DISTRICT,STATE_ROUTE,ROUTE_SUFFIX,POSTMILE_PREFIX,POSTMILE,LOCATION_TYPE,RAMP_INTERSECTION,SIDE_OF_HWY,TOW_AWAY,COLLISION_SEVERITY,NUMBER_KILLED,NUMBER_INJURED,PARTY_COUNT,PRIMARY_COLL_FACTOR,PCF_CODE_OF_VIOL,PCF_VIOL_CATEGORY,PCF_VIOLATION,PCF_VIOL_SUBSECTION,HIT_AND_RUN,TYPE_OF_COLLISION,MVIW,PED_ACTION,ROAD_SURFACE,ROAD_COND_1,ROAD_COND_2,LIGHTING,CONTROL_DEVICE,CHP_ROAD_TYPE,PEDESTRIAN_ACCIDENT,BICYCLE_ACCIDENT,MOTORCYCLE_ACCIDENT,TRUCK_ACCIDENT,NOT_PRIVATE_PROPERTY,ALCOHOL_INVOLVED,STWD_VEHTYPE_AT_FAULT,CHP_VEHTYPE_AT_FAULT,COUNT_SEVERE_INJ,COUNT_VISIBLE_INJ,COUNT_COMPLAINT_PAIN,COUNT_PED_KILLED,COUNT_PED_INJURED,COUNT_BICYCLIST_KILLED,COUNT_BICYCLIST_INJURED,COUNT_MC_KILLED,COUNT_MC_INJURED,PRIMARY_RAMP,SECONDARY_RAMP,LATITUDE,LONGITUDE,COUNTY,CITY,POINT_X,POINT_Y
9095615,2020,11/18/20,3711,4/20/20,2036,SD7604,,1,5,7,3711,0,0,0,,0,324,NAVAJO RD,RT 125,0,W,N,B,-,Y,SD,11,125,-,-,19.928,R,4,S,Y,4,0,1,2,A,-,5,21651,A,M,B,C,A,A,H,-,C,D,0,,,,,Y,,-,,0,0,1,0,0,0,0,0,0,- ,SF,,,SAN DIEGO,SAN DIEGO,-117.0056152,32.80525589
9095616,2020,7/29/20,3711,4/20/20,1450,SD7956,,1,5,7,3711,0,0,0,,0,721,THERMAL AV,SATELLITE BL,0,,Y,A,-,N,,,,,,,,,,Y,4,0,1,2,A,-,12,22450,A,M,D,C,A,A,H,-,A,A,0,,,,,Y,,A,1,0,0,1,0,0,0,0,0,0,- ,- ,,,SAN DIEGO,SAN DIEGO,-117.0970917,32.56916046
9095617,2020,11/2/20,3711,4/20/20,1257,SD5672,,1,5,7,3711,0,0,0,,0,315,FRIARS RD,RT 163,0,,Y,B,-,Y,SD,11,163,-,-,4.521,R,4,N,Y,4,0,2,3,A,-,12,21453,A,N,A,C,A,A,H,-,A,A,0,,,,,Y,,A,1,0,0,2,0,0,0,0,0,0,- ,NO,,,SAN DIEGO,SAN DIEGO,-117.161026,32.77379227
9095618,2020,7/29/20,3711,4/20/20,1230,SD4669,,1,5,7,3711,0,0,0,,0,242,MIRA MESA BL,RICKERT RD,60,E,N,B,-,N,,,,,,,,,,Y,4,0,1,3,A,-,4,21703,,N,C,C,A,A,H,-,A,D,0,,,,,Y,,A,1,0,0,1,0,0,0,0,0,0,- ,- ,,,SAN DIEGO,SAN DIEGO,-117.1268616,32.91705322
9096004,2020,11/10/20,3711,5/7/20,1610,SD4824,,4,5,7,3711,0,0,0,,0,243,MIRAMAR RD,KEARNY MESA RD,0,,Y,A,-,N,,,,,,,,,,N,3,0,1,2,A,-,3,22350,,N,C,C,A,A,H,-,A,A,0,,,,Y,Y,,A,1,0,1,0,0,0,0,0,0,0,- ,- ,,,SAN DIEGO,SAN DIEGO,-117.1184006,32.89374161
9096008,2020,7/22/20,3711,4/30/20,2045,SD4576,,4,5,7,3711,0,0,0,,0,322,MISSION GORGE RD,KATELYN CT,413,E,N,B,-,N,,,,,,,,,,Y,2,0,2,2,A,-,4,21703,,N,C,C,A,A,H,-,D,D,0,,,,,Y,Y,-,,1,0,1,0,0,0,0,0,0,- ,- ,,,SAN DIEGO,SAN DIEGO,-117.0837936,32.80461502
9096422,2020,7/23/20,3711,4/15/20,1530,SD7871,,3,5,7,3711,0,0,0,,0,242,MIRAMAR RD,KEARNY VILLA RD,0,,N,-,-,N,,,,,,,,,,N,4,0,1,2,A,-,3,22350,,N,-,-,A,-,-,-,-,-,0,,,,,Y,,A,1,0,0,1,0,0,0,0,0,0,- ,- ,,,SAN DIEGO,SAN DIEGO,-117.1199493,32.89382172
9096795,2020,7/30/20,3711,3/3/20,1941,SD7987,,2,5,7,3711,0,0,0,,0,122,PACIFIC BEACH DR,MISSION BL,0,,Y,A,-,N,,,,,,,,,,N,3,0,1,2,A,-,10,21950,A,N,G,B,B,A,H,-,C,A,0,Y,,,,Y,,A,1,0,1,0,0,1,0,0,0,0,- ,- ,,,SAN DIEGO,SAN DIEGO,-117.2537689,32.79093933
9096853,2020,7/28/20,3711,2/24/20,1823,SD6390,,1,5,7,3711,0,0,0,,0,441,IMPERIAL AV,ADA ST,0,,Y,A,-,N,,,,,,,,,,N,4,0,1,2,A,-,9,21801,A,N,A,C,A,A,H,-,C,D,0,,,,,Y,,A,8,0,0,1,0,0,0,0,0,0,- ,- ,,,SAN DIEGO,SAN DIEGO,-117.1092377,32.70483017
9096887,2020,7/9/20,3711,5/9/20,1553,SD6764,,6,5,7,3711,0,0,0,,0,931,MIRA MESA BL,CARROLL CANYON RD,348,E,N,A,-,N,,,,,,,,,,N,3,0,1,1,A,-,3,22350,,N,E,I,A,A,H,-,A,D,0,,Y,,,Y,,L,4,0,1,0,0,0,0,1,0,0,- ,- ,,,SAN DIEGO,SAN DIEGO,,
9096896,2020,7/9/20,3711,5/1/20,240,SD7458,,5,5,7,3711,0,0,0,,0,527,PACIFIC HWY,WEST GRAPE ST,395,S,N,A,-,N,,,,,,,,,,N,4,0,1,1,A,-,8,22107,,N,E,I,A,A,H,-,C,D,0,,,,,Y,,A,8,0,0,1,0,0,0,0,0,0,- ,- ,,,SAN DIEGO,SAN DIEGO,-117.1713181,32.72354126
9097341,2020,10/28/20,3711,5/20/20,1626,SD7926,,3,5,7,3711,0,0,0,,0,311,MURPHY CANYON RD,AERO DR,0,,Y,A,-,N,,,,,,,,,,Y,3,0,1,3,A,-,7,21658,A,N,D,C,A,A,H,-,A,A,0,,,Y,,Y,,C,2,0,1,0,0,0,0,0,0,1,- ,- ,,,SAN DIEGO,SAN DIEGO,-117.1166382,32.80958939
9097345,2020,10/28/20,3711,5/22/20,1715,SD6969,,5,5,7,3711,0,0,0,,0,231,SABRE SPRINGS PKWY,WIMBERLY SQ,0,,Y,A,-,N,,,,,,,,,,N,3,0,1,1,A,-,3,22350,,N,E,I,A,A,H,-,A,D,0,,,Y,,Y,,C,3,0,1,0,0,0,0,0,0,1,- ,- ,,,SAN DIEGO,SAN DIEGO,-117.0955734,32.95476913
9097885,2020,9/23/20,3711,3/8/20,1907,SD7748,,7,5,7,3711,0,0,0,,0,233,TED WILLIAMS PKWY,RT 15,0,,Y,A,-,Y,SD,11,15,-,M,19.67,R,4,N,N,4,0,3,2,A,-,12,21453,A,N,H,C,A,A,H,-,C,A,0,,,,,Y,,A,1,0,0,3,0,0,0,0,0,0,- ,NO,,,SAN DIEGO,SAN DIEGO,-117.0935364,32.96725464
9097955,2020,8/4/20,3711,3/3/20,1811,SD7621,,2,5,7,3711,0,0,0,,0,621,LINDA VISTA RD,GLIDDEN RD,0,,Y,A,-,N,,,,,,,,,,N,3,0,1,2,A,-,8,22107,,N,G,B,B,A,H,-,C,A,0,Y,,,,Y,,A,1,0,1,0,0,1,0,0,0,0,- ,- ,,,SAN DIEGO,SAN DIEGO,-117.1737289,32.77516937
9098021,2020,11/4/20,3711,5/14/20,1512,SD5679,,4,5,7,3711,0,0,0,,0,231,SABRE SPRINGS PKWY,SAVANNAH CREEK DR,0,,Y,A,-,N,,,,,,,,,,Y,3,0,2,2,A,-,12,21453,A,N,D,C,A,A,H,-,A,A,0,,,,,Y,,A,1,0,2,0,0,0,0,0,0,0,- ,- ,,,SAN DIEGO,SAN DIEGO,-117.0962296,32.94868088
9098022,2020,11/4/20,3711,5/14/20,2348,SD7386,,4,5,7,3711,0,0,0,,0,517,F ST,24TH ST,237,E,N,A,-,N,,,,,,,,,,N,3,0,1,2,A,-,6,21750,,N,D,C,A,A,H,-,C,D,0,,,Y,,Y,,C,2,0,1,0,0,0,0,0,0,1,- ,- ,,,SAN DIEGO,SAN DIEGO,-117.1417007,32.71371841
9098057,2020,11/4/20,3711,5/2/20,2130,SD6967,,6,5,7,3711,0,0,0,,0,445,G ST,45TH ST,94,E,N,A,-,N,,,,,,,,,,N,2,0,1,1,A,-,3,22350,,N,F,A,A,A,H,-,C,D,0,,,,,Y,,-,,1,0,0,0,0,0,0,0,0,- ,- ,,,SAN DIEGO,SAN DIEGO,-117.0975342,32.71216965
9098058,2020,11/4/20,3711,5/13/20,2207,SD6057,,3,5,7,3711,0,0,0,,0,725,PALM AV,DENNERY RD,0,,Y,A,-,N,,,,,,,,,,Y,4,0,3,2,A,-,3,22350,,N,D,C,A,-,H,-,C,A,0,,,,,Y,,A,7,0,0,3,0,0,0,0,0,0,- ,- ,,,SAN DIEGO,SAN DIEGO,-117.032402,32.58391953
9098059,2020,11/4/20,3711,5/12/20,2030,SD6882,,2,5,7,3711,0,0,0,,0,611,MIDWAY DR,WING ST,0,,Y,A,-,N,,,,,,,,,,N,4,0,2,2,-,-,- ,,A,M,B,C,A,A,H,-,B,A,0,,,,,Y,,-,,0,0,2,0,0,0,0,0,0,- ,- ,,,SAN DIEGO,SAN DIEGO,-117.2122421,32.75046921
9098060,2020,11/4/20,3711,5/10/20,1334,SD7811,,7,5,7,3711,0,0,0,,0,441,IMPERIAL AV,S 36TH ST,0,,Y,A,-,N,,,,,,,,,,Y,4,0,1,2,A,-,12,21453,A,N,C,C,A,A,H,-,A,A,0,,,,,Y,,A,1,0,0,1,0,0,0,0,0,0,- ,- ,,,SAN DIEGO,SAN DIEGO,-117.1168213,32.70483017
9098136,2020,7/20/20,3711,3/13/20,350,7851,,5,5,7,3711,0,0,0,,0,934,VISTA SORRENTO PKWY,PACIFIC PLAZA DR,0,,Y,B,-,N,,,,,,,,,,N,3,0,1,1,A,-,8,22107,,N,A,I,A,B,H,-,C,D,0,,,,,Y,,A,1,0,1,0,0,0,0,0,0,0,- ,- ,,,SAN DIEGO,SAN DIEGO,-117.2292099,32.91527176
9098137,2020,7/20/20,3711,3/12/20,138,7437,,4,5,7,3711,0,0,0,,0,122,MISSION BY RD,GRAND AV,0,,Y,A,-,N,,,,,,,,,,N,3,0,1,1,A,-,8,22107,,N,E,I,A,A,H,-,C,A,0,,,,,Y,,-,,0,1,0,0,0,0,0,0,0,- ,- ,,,SAN DIEGO,SAN DIEGO,-117.2152023,32.80184937
9098138,2020,7/24/20,3711,3/13/20,1100,1123,,5,5,7,3711,0,0,0,,0,122,HAINES T,GRAND AV,0,,Y,C,-,N,,,,,,,,,,N,4,0,1,2,A,-,9,21802,A,N,D,C,A,B,H,-,A,D,0,,,,,Y,,A,1,0,0,1,0,0,0,0,0,0,- ,- ,,,SAN DIEGO,SAN DIEGO,,
9098885,2020,5/20/20,3711,3/12/20,730,SD4491,,4,5,7,3711,0,0,0,,0,436,SKYLINE,WOODMAN,0,,Y,B,-,N,,,,,,,,,,Y,4,0,1,2,A,-,- ,,,N,D,C,A,B,D,-,A,A,0,,,,,Y,,J,48,0,0,1,0,0,0,0,0,0,- ,- ,,,SAN DIEGO,SAN DIEGO,-117.0547028,32.70129013
9098894,2020,5/20/20,3711,2/7/20,905,SD6753,,5,5,7,3711,0,0,0,,0,524,FRONT ST,B ST,0,,Y,A,-,N,,,,,,,,,,N,4,0,2,3,A,-,21,22106,,N,G,B,B,A,D,-,A,A,0,Y,,,,Y,,J,48,0,0,2,0,2,0,0,0,0,- ,- ,,,SAN DIEGO,SAN DIEGO,-117.1647186,32.71778107
9098915,2020,6/4/20,3711,3/27/20,726,SD5985,,5,5,7,3711,0,0,0,,0,517,B ST,CAMINITO CERCADO,0,,Y,A,-,N,,,,,,,,,,N,3,0,1,2,A,-,8,22100,A,N,D,G,A,B,H,-,A,D,0,,Y,,,Y,,J,48,0,1,0,0,0,0,1,0,0,- ,- ,,,SAN DIEGO,SAN DIEGO,,
9099248,2020,11/4/20,3711,5/8/20,1917,SD7856,,5,5,7,3711,0,0,0,,0,614,SUNSET CLIFFS BL,NIMITZ BL,327,W,N,-,-,N,,,,,,,,,,N,4,0,1,3,B,-,22,,,N,C,-,A,A,H,-,-,A,0,,,,,Y,,D,22,0,0,1,0,0,0,0,0,0,- ,- ,,,SAN DIEGO,SAN DIEGO,-117.2382355,32.75369644
9099252,2020,11/4/20,3711,5/4/20,1123,SD6532,,1,5,7,3711,0,0,0,,0,613,WEST POINT LOMA BL,TEMECULA ST,100,E,N,A,-,N,,,,,,,,,,N,4,0,1,4,A,-,8,22107,,N,D,C,A,A,H,-,A,D,0,,,,,Y,,I,11,0,0,1,0,0,0,0,0,0,- ,- ,,,SAN DIEGO,SAN DIEGO,-117.2321091,32.75236511
9099253,2020,6/11/20,3711,2/2/20,1925,SD7152,,7,5,7,3711,0,0,0,,0,934,DEL MAR HEIGHTS RD,EL CAMINO REAL,300,W,N,A,-,N,,,,,,,,,,Y,4,0,2,4,A,-,4,21703,,N,C,C,A,A,H,-,C,A,0,,,,,Y,,A,7,0,0,2,0,0,0,0,0,0,- ,- ,,,SAN DIEGO,SAN DIEGO,-117.2350464,32.95350647
9099257,2020,11/4/20,3711,5/9/20,518,SD7976,,6,5,7,3711,0,0,0,,0,439,DIVISION ST,PARADISE RD,0,,Y,A,-,N,,,,,,,,,,N,4,0,1,2,A,-,8,22107,,N,F,C,A,A,H,-,B,D,0,,,Y,,Y,,A,7,0,0,1,0,0,0,0,0,0,- ,- ,,,SAN DIEGO,SAN DIEGO,-117.0756531,32.69219971
9099373,2020,6/26/20,3711,3/12/20,105,SD7775,,4,5,7,3711,0,0,0,,0,824,MONROE AV,MONROE AV 5025,0,,Y,-,-,N,,,,,,,,,,N,3,0,1,2,A,-,21,22106,,N,D,G,A,A,H,-,C,D,0,,Y,,,Y,,L,4,0,1,0,0,0,0,1,0,0,- ,- ,,,SAN DIEGO,SAN DIEGO,,
9099786,2020,11/3/20,3711,5/6/20,1251,SD6532,,3,5,7,3711,0,0,0,,0,613,WORDEN ST,VALETA ST,135,S,N,A,-,N,,,,,,,,,,N,3,0,1,1,D,-,0,,,N,H,A,A,A,H,-,A,D,0,,Y,,,Y,,-,- ,0,1,0,0,0,0,1,0,0,- ,- ,,,SAN DIEGO,SAN DIEGO,-117.2271881,32.74588013
9099787,2020,11/4/20,3711,5/12/20,20,SD7994,,2,5,7,3711,0,0,0,,0,931,NOBEL DR,MIRAMAR RD,0,,Y,A,-,N,,,,,,,,,,Y,3,0,1,1,A,-,3,22350,,N,H,J,A,A,H,-,C,A,0,,,,,Y,Y,A,1,0,1,0,0,0,0,0,0,0,- ,- ,,,SAN DIEGO,SAN DIEGO,-117.1911469,32.87651062
9099788,2020,11/4/20,3711,5/12/20,748,SD7825,,2,5,7,3711,0,0,0,,0,514,IMPERIAL,IMPERIAL 1900,0,,N,A,-,N,,,,,,,,,,Y,4,0,1,2,A,-,12,21453,A,N,A,C,A,A,H,-,A,A,0,,,,,Y,,A,1,0,0,1,0,0,0,0,0,0,- ,- ,,,SAN DIEGO,SAN DIEGO,,
9099789,2020,11/10/20,3711,5/12/20,830,SD7688,,2,5,7,3711,0,0,0,,0,124,SOLEDAD MOUNTAIN RD,CAMINITO MARRISA,0,,Y,A,-,N,,,,,,,,,,N,4,0,1,2,A,-,7,21658,A,N,C,C,A,A,H,-,A,D,0,,,,,Y,,A,1,0,0,1,0,0,0,0,0,0,- ,- ,,,SAN DIEGO,SAN DIEGO,-117.2340469,32.82009125
9099790,2020,11/4/20,3711,5/12/20,1052,SD6862,,2,5,7,3711,0,0,0,,0,821,ROLANDO BL,ARAGON WY,129,S,N,A,-,N,,,,,,,,,,N,3,0,1,3,A,-,8,22107,,N,F,E,A,A,H,-,A,D,0,,,,,Y,,A,1,0,1,0,0,0,0,0,0,0,- ,- ,,,SAN DIEGO,SAN DIEGO,-117.0568771,32.75780487
9099791,2020,11/4/20,3711,5/12/20,1441,SD4849,,2,5,7,3711,0,0,0,,0,529,5TH AV,SPRUCE ST,0,,Y,A,-,N,,,,,,,,,,Y,4,0,1,2,A,-,8,22107,,N,B,C,A,A,H,-,A,A,0,,,,,Y,,A,1,0,0,1,0,0,0,0,0,0,- ,- ,,,SAN DIEGO,SAN DIEGO,-117.1603622,32.73870087
9099792,2020,11/4/20,3711,5/12/20,2245,SD7646,,2,5,7,3711,0,0,0,,0,512,NATIONAL AV,SOUTH 28TH ST,288,E,N,B,-,N,,,,,,,,,,Y,3,0,1,2,D,-,0,,,N,H,-,A,A,H,-,C,D,0,,,Y,,Y,,-,- ,0,1,0,0,0,0,0,0,1,- ,- ,,,SAN DIEGO,SAN DIEGO,-117.1328659,32.69593048
9099853,2020,6/10/20,3711,1/27/20,803,SD5611,,1,5,7,3711,0,0,0,,0,243,CAMINO RUIZ,MIRAMAR RD,219,N,N,A,-,N,,,,,,,,,,Y,4,0,1,2,A,-,3,22350,,N,C,C,A,A,H,-,A,D,0,,,,,Y,,A,1,0,0,1,0,0,0,0,0,0,- ,- ,,,SAN DIEGO,SAN DIEGO,-117.133812,32.89432526
9100102,2020,6/9/20,3711,2/9/20,240,SD7550,,7,5,7,3711,0,0,0,,0,447,FEDERAL BL,49TH ST,0,,Y,B,-,N,,,,,,,,,,N,3,0,2,1,D,-,0,,,N,E,I,A,A,H,-,A,A,0,,,,,Y,,-,- ,0,1,1,0,0,0,0,0,0,- ,- ,,,SAN DIEGO,SAN DIEGO,-117.0897827,32.72143173
9100402,2020,7/22/20,3711,2/6/20,715,SD7034,,4,5,7,3711,0,0,0,,0,935,DEL MAR HEIGHTS RD,VALERIO GATE,0,,Y,A,-,N,,,,,,,,,,N,4,0,1,2,A,-,12,21453,A,N,C,A,A,A,H,-,A,A,0,,,,,Y,,A,1,0,0,1,0,0,0,0,0,0,- ,- ,,,SAN DIEGO,SAN DIEGO,-117.2012024,32.96131134
9100405,2020,7/22/20,3711,2/5/20,1940,SD7517,,3,5,7,3711,0,0,0,,0,112,GENESEE AV,MOUNT HERBERT AV,0,,Y,A,-,N,,,,,,,,,,Y,4,0,2,3,A,-,12,21453,A,N,D,C,A,B,H,-,C,A,0,,,,,Y,,A,1,0,0,2,0,0,0,0,0,0,- ,- ,,,SAN DIEGO,SAN DIEGO,-117.1906433,32.82640839
9100406,2020,7/22/20,3711,2/5/20,1800,SD7722,,3,5,7,3711,0,0,0,,0,231,POWAY RD,SABRE SPRINGS PKWY,0,,Y,A,-,N,,,,,,,,,,N,4,0,2,2,A,-,4,21703,,M,C,-,A,A,H,-,C,A,0,,,,,Y,,-,,0,0,2,0,0,0,0,0,0,- ,- ,,,SAN DIEGO,SAN DIEGO,-117.095932,32.94707108
9100410,2020,7/22/20,3711,2/5/20,1611,SD7390,,3,5,7,3711,0,0,0,,0,122,GARNET AV,MISSION BL,0,,Y,-,-,N,,,,,,,,,,N,4,0,1,2,A,-,9,21801,A,N,-,-,A,-,-,-,-,-,0,,Y,,,Y,,A,1,0,0,1,0,0,0,1,0,0,- ,- ,,,SAN DIEGO,SAN DIEGO,-117.2554932,32.79658127
9100414,2020,7/22/20,3711,2/4/20,1733,SD5540,,2,5,7,3711,0,0,0,,0,518,GRANADA AV,DATE ST,0,,Y,-,-,N,,,,,,,,,,N,3,0,1,1,A,-,8,22107,,N,-,-,A,-,-,-,-,-,0,,Y,,,Y,,L,4,0,1,0,0,0,0,1,0,0,- ,- ,,,SAN DIEGO,SAN DIEGO,-117.1329422,32.72341919
9100859,2020,10/31/20,3711,5/19/20,1439,SD7908,,2,5,7,3711,0,0,0,,0,114,CLAIREMONT DR,CLAIREMONT DR 4800,0,,N,A,-,N,,,,,,,,,,N,3,0,1,1,A,-,17,23116,A,N,H,-,A,-,H,-,A,D,0,,,,,Y,,D,22,0,1,0,0,0,0,0,0,0,- ,- ,,,SAN DIEGO,SAN DIEGO,,
9101563,2020,11/9/20,3711,5/17/20,1912,SD7699,,7,5,7,3711,0,0,0,,0,722,HOLLISTER ST,GROVE AV,60,S,N,A,-,N,,,,,,,,,,Y,4,0,2,2,A,-,9,21804,A,N,B,C,A,A,H,-,B,A,0,,,,,Y,,A,1,0,0,2,0,0,0,0,0,0,- ,- ,,,SAN DIEGO,SAN DIEGO,-117.0840988,32.57262421
9101564,2020,11/9/20,3711,5/17/20,137,SD6198,,7,5,7,3711,0,0,0,,0,321,RANCHO MISSION RD,SAN DIEGO MISSION RD,528,N,N,A,-,N,,,,,,,,,,N,3,0,1,6,A,-,8,22107,,N,B,E,A,A,H,-,C,A,0,,,,,Y,Y,A,1,0,1,0,0,0,0,0,0,0,- ,- ,,,SAN DIEGO,SAN DIEGO,-117.1099319,32.78620529
9101565,2020,11/9/20,3711,5/16/20,2003,SD6865,,6,5,7,3711,0,0,0,,0,621,GENESSE AV,RICHLAND ST,511,E,N,A,-,N,,,,,,,,,,N,4,0,1,2,A,-,8,22107,,N,B,C,A,A,H,-,C,D,0,,,,,Y,Y,A,1,0,0,1,0,0,0,0,0,0,- ,- ,,,SAN DIEGO,SAN DIEGO,-117.1613693,32.79121399
9101566,2020,11/9/20,3711,5/15/20,2200,SD7349,,5,5,7,3711,0,0,0,,0,324,LAKE SHORE DR,BLUE LAKE DR,0,,Y,A,-,N,,,,,,,,,,Y,4,0,1,1,D,-,0,,,N,E,I,A,A,H,-,C,D,0,,,,,Y,Y,-,- ,0,0,1,0,0,0,0,0,0,- ,- ,,,SAN DIEGO,SAN DIEGO,-117.0365295,32.79190826
9101567,2020,11/16/20,3711,5/16/20,30,SD8404,,6,5,7,3711,0,0,0,,0,614,SUNSET CLIFFS BL,NIMITZ BL,0,,Y,A,-,N,,,,,,,,,,N,4,0,1,2,A,-,8,22107,,N,B,C,A,A,H,-,C,A,0,,,Y,,Y,Y,C,2,0,0,1,0,0,0,0,0,1,- ,- ,,,SAN DIEGO,SAN DIEGO,-117.2372971,32.75411987
9101568,2020,11/9/20,3711,5/16/20,1112,SD7804,,6,5,7,3711,0,0,0,,0,841,JEFF ST,COLLEGE AV,692,E,N,A,-,N,,,,,,,,,,N,4,0,1,4,A,-,8,22107,,N,B,E,A,A,H,-,A,D,0,,,,,Y,,A,1,0,0,1,0,0,0,0,0,0,- ,- ,,,SAN DIEGO,SAN DIEGO,-117.0603943,32.75030518
9101569,2020,11/9/20,3711,5/11/20,659,D5747,,1,5,7,3711,0,0,0,,0,615,ROSECRANS ST,KEATS ST,160,S,N,A,-,N,,,,,,,,,,N,3,0,3,2,A,-,5,21651,A,N,B,C,A,A,H,-,A,D,0,,,,,Y,,A,1,0,2,1,0,0,0,0,0,0,- ,- ,,,SAN DIEGO,SAN DIEGO,-117.2266541,32.72763443
9101570,2020,11/9/20,3711,5/10/20,2230,SD6146,,7,5,7,3711,0,0,0,,0,114,CLAIREMONT MESA BL,DOLIVA DR,554,E,N,A,-,N,,,,,,,,,,N,2,0,1,2,A,-,11,21954,A,N,G,B,D,A,H,-,C,D,0,Y,,,,Y,,N,60,1,0,0,0,1,0,0,0,0,- ,- ,,,SAN DIEGO,SAN DIEGO,-117.1738663,32.8342247
9101571,2020,11/16/20,3711,5/12/20,854,SD7688,,2,5,7,3711,0,0,0,,0,124,DRAPER ST,NATILUS ST,0,,Y,A,-,N,,,,,,,,,,N,3,0,1,2,A,-,9,21800,C,N,D,G,A,A,H,-,A,D,0,,Y,,,Y,,L,4,0,1,0,0,0,0,1,0,0,- ,- ,,,SAN DIEGO,SAN DIEGO,-117.2741623,32.83237839
9101572,2020,11/9/20,3711,5/15/20,1200,SD6468,,5,5,7,3711,0,0,0,,0,611,NORTH HARBOR DR,LANNING RD,0,,Y,A,-,N,,,,,,,,,,N,4,0,1,2,A,-,12,21453,A,N,D,C,A,A,H,-,A,A,0,,,,,Y,,A,1,0,0,1,0,0,0,0,0,0,- ,- ,,,SAN DIEGO,SAN DIEGO,-117.2182617,32.72726822
9101573,2020,11/9/20,3711,5/13/20,1350,SD7284,,3,5,7,3711,0,0,0,,0,824,FAIRMOUNT AV,EL CAJON BL,0,,Y,A,-,N,,,,,,,,,,N,4,0,1,3,A,-,4,21703,,M,C,C,A,A,H,-,A,A,0,,,,,Y,,-,,0,0,1,0,0,0,0,0,0,- ,- ,,,SAN DIEGO,SAN DIEGO,-117.1008301,32.75519943
9101574,2020,12/2/20,3711,5/16/20,1000,SD7069,,6,5,7,3711,0,0,0,,0,242,MERCY RD,RT 5,0,,Y,A,-,Y,SD,11,15,-,M,17.144,R,4,S,N,4,0,2,2,A,-,9,21453,C,N,F,C,A,A,H,-,A,A,0,,,,,Y,,A,1,0,0,2,0,0,0,0,0,0,- ,SO,,,SAN DIEGO,SAN DIEGO,-117.112236,32.93438721
9101575,2020,11/9/20,3711,5/15/20,1750,SD7129,,5,5,7,3711,0,0,0,,0,438,SAIPAN DR,ALLEGHANY ST,112,S,N,A,-,N,,,,,,,,,,N,4,0,1,2,B,-,22,,,N,D,C,A,A,H,-,A,D,0,,,,,Y,,A,1,0,0,1,0,0,0,0,0,0,- ,- ,,,SAN DIEGO,SAN DIEGO,-117.0567551,32.6819458
9101576,2020,11/9/20,3711,5/16/20,307,SD7975,,6,5,7,3711,0,0,0,,0,122,INGRAHAM,GRAND AV,0,,Y,A,-,N,,,,,,,,,,N,4,0,1,2,B,-,22,,,M,A,C,A,-,-,-,C,A,0,,,,,Y,,-,,0,0,1,0,0,0,0,0,0,- ,- ,,,SAN DIEGO,SAN DIEGO,-117.2402802,32.79793167
9101577,2020,11/9/20,3711,5/15/20,756,SD76211,,5,5,7,3711,0,0,0,,0,826,EUCLID AV,EUCLID AV  4244,7,E,N,A,-,N,,,,,,,,,,N,3,0,1,2,A,-,8,22107,,N,A,G,A,A,H,-,A,A,0,,Y,,,Y,,L,4,0,1,0,0,0,0,1,0,0,- ,- ,,,SAN DIEGO,SAN DIEGO,,
9101578,2020,11/9/20,3711,5/17/20,1955,SD7884,,7,5,7,3711,0,0,0,,0,937,CAMINO DEL SUR,GARRETSON ST,0,,Y,A,-,N,,,,,,,,,,Y,3,0,1,1,A,-,8,22100,B,N,E,I,A,A,H,-,D,D,0,,,,,Y,,A,1,0,1,0,0,0,0,0,0,0,- ,- ,,,SAN DIEGO,SAN DIEGO,-117.126503,33.02178192
9101579,2020,11/17/20,3711,5/17/20,1125,SD7129,,7,5,7,3711,0,0,0,,0,433,BROOKLYN AV,62ND ST,0,,Y,B,-,N,,,,,,,,,,N,4,0,2,2,A,-,9,21802,A,N,D,C,A,A,H,-,A,A,0,,,,,Y,,A,7,0,0,2,0,0,0,0,0,0,- ,- ,,,SAN DIEGO,SAN DIEGO,-117.0639496,32.71313095
9101580,2020,11/9/20,3711,5/16/20,2109,SD6812,,6,5,7,3711,0,0,0,,0,122,THOMAS AV,FANUEL ST,39,E,N,A,-,N,,,,,,,,,,N,4,0,1,1,A,-,3,22350,,N,H,A,A,A,H,-,D,D,0,,Y,,,Y,Y,L,4,0,0,1,0,0,0,1,0,0,- ,- ,,,SAN DIEGO,SAN DIEGO,-117.2453384,32.79569626
9101581,2020,10/29/20,3711,5/16/20,1545,SD7834,,6,5,7,3711,0,0,0,,0,524,10TH AV,10TH,10,W,N,A,-,N,,,,,,,,,,N,4,0,1,2,A,-,12,21453,A,N,D,C,A,A,H,-,A,A,0,,,,,Y,,A,1,0,0,1,0,0,0,0,0,0,- ,- ,,,SAN DIEGO,SAN DIEGO,-117.1576614,32.75646973