CASE_ID,ACCIDENT_YEAR,PROC_DATE,JURIS,COLLISION_DATE,COLLISION_TIME,OFFICER_ID,REPORTING_DISTRICT,DAY_OF_WEEK,CHP_SHIFT,POPULATION,CNTY_CITY_LOC,SPECIAL_COND,BEAT_TYPE,CHP_BEAT_TYPE,CITY_DIVISION_LAPD,CHP_BEAT_CLASS,BEAT_NUMBER,PRIMARY_RD,SECONDARY_RD,DISTANCE,DIRECTION,INTERSECTION,WEATHER_1,WEATHER_2,STATE_HWY_IND,CALTRANS_COUNTY,CALTRANS_DISTRICT,STATE_ROUTE,ROUTE_SUFFIX,POSTMILE_PREFIX,POSTMILE,LOCATION_TYPE,RAMP_INTERSECTION,SIDE_OF_HWY,TOW_AWAY,COLLISION_SEVERITY,NUMBER_KILLED,NUMBER_INJURED,PARTY_COUNT,PRIMARY_COLL_FACTOR,PCF_CODE_OF_VIOL,PCF_VIOL_CATEGORY,PCF_VIOLATION,PCF_VIOL_SUBSECTION,HIT_AND_RUN,TYPE_OF_COLLISION,MVIW,PED_ACTION,ROAD_SURFACE,ROAD_COND_1,ROAD_COND_2,LIGHTING,CONTROL_DEVICE,CHP_ROAD_TYPE,PEDESTRIAN_ACCIDENT,BICYCLE_ACCIDENT,MOTORCYCLE_ACCIDENT,TRUCK_ACCIDENT,NOT_PRIVATE_PROPERTY,ALCOHOL_INVOLVED,STWD_VEHTYPE_AT_FAULT,CHP_VEHTYPE_AT_FAULT,COUNT_SEVERE_INJ,COUNT_VISIBLE_INJ,COUNT_COMPLAINT_PAIN,COUNT_PED_KILLED,COUNT_PED_INJURED,COUNT_BICYCLIST_KILLED,COUNT_BICYCLIST_INJURED,COUNT_MC_KILLED,COUNT_MC_INJURED,PRIMARY_RAMP,SECONDARY_RAMP,LATITUDE,LONGITUDE,COUNTY,CITY,POINT_X,POINT_Y
91284418,2020,8/11/20,9645,8/6/20,1130,16779,,4,1,7,3711,0,1,1,,2,11,I-805 (S/B),ADAMS AVE O/C,300,N,N,A,-,Y,,,805,,,,,,,N,3,0,1,2,A,-,3,22350,,N,C,C,A,A,B,C,A,D,0,,,Y,,Y,,C,2,0,1,0,0,0,0,0,0,1,- ,- ,32.76576996,-117.1287308,SAN DIEGO,SAN DIEGO,-117.1285324,32.76586151
91285397,2020,8/13/20,9645,8/8/20,1520,21263,,6,2,7,3711,0,1,1,,2,10,INTERSTATE 8 W/B TO SPORTS ARENA BLVD.,SPORTS ARENA BOULEVARD,600,E,N,A,-,Y,,,8,,,,R,,W,Y,4,0,1,2,A,-,3,22350,,N,C,C,A,A,H,-,A,D,0,,,,,Y,,A,1,0,0,1,0,0,0,0,0,0,- ,- ,32.75767899,-117.219101,SAN DIEGO,SAN DIEGO,-117.219101,32.75767899
91285403,2020,8/13/20,9645,8/10/20,1540,21263,,1,2,7,3711,0,1,1,,2,1,INTERSTATE 5 S/B TO L STREET,L STREET,500,S,N,A,-,Y,,,,,,,,,,Y,4,0,1,2,A,-,3,22350,,N,C,C,A,A,H,-,A,D,0,,,,,Y,,A,1,0,0,1,0,0,0,0,0,0,- ,- ,32.61323929,-117.0916977,SAN DIEGO,SAN DIEGO,-117.1605835,32.70684814
91285422,2020,8/13/20,9645,7/31/20,1625,21263,,5,2,7,3711,0,1,1,,2,21,STATE ROUTE 15 S/B FROM UNIVERSITY AVE.,UNIVERSITY AVENUE,300,S,N,A,-,Y,,,15,,,,R,,S,Y,3,0,1,2,A,-,3,22350,,N,C,C,A,A,H,-,A,A,0,,,,,Y,,A,1,0,1,0,0,0,0,0,0,0,- ,- ,32.74827957,-117.1091919,SAN DIEGO,SAN DIEGO,-117.1091919,32.74827957
91285513,2020,8/13/20,9645,8/12/20,1545,20952,,3,2,7,3711,0,1,1,,2,5,INTERSTATE 5 (SOUTHBOUND),MISSION BAY DRIVE,3168,N,N,A,-,Y,,,5,,,,,,,Y,4,0,1,3,A,-,3,22350,,N,C,C,A,A,H,-,A,D,0,,,,,Y,,A,8,0,0,1,0,0,0,0,0,0,- ,- ,32.81895828,-117.2264099,SAN DIEGO,SAN DIEGO,-117.2263184,32.81905365
91286122,2020,8/14/20,9645,8/3/20,32,19712,,1,3,7,3711,0,1,1,,2,5,I-5 S/B,W. MISSION BAY DR O/C,2200,N,N,A,-,Y,,,5,,,,,,S,Y,4,0,1,1,A,-,8,22107,,N,E,I,A,A,H,-,D,D,0,,,,,Y,,A,8,0,0,1,0,0,0,0,0,0,- ,- ,32.81755829,-117.2247772,SAN DIEGO,SAN DIEGO,-117.2247849,32.81755829
91286309,2020,8/14/20,9645,8/12/20,1000,19054,,3,1,7,3711,0,1,1,,2,7,I-5 S/B,VIA DE LA VALLE,1200,S,N,A,-,Y,,,5,,,,,,S,Y,4,0,1,2,A,-,8,22107,,N,B,C,A,A,H,-,A,D,0,,,,,Y,,A,1,0,0,1,0,0,0,0,0,0,- ,- ,32.9744606,-117.2513123,SAN DIEGO,SAN DIEGO,-117.2511978,32.97450256
91286512,2020,8/14/20,9645,8/12/20,1346,21523,,3,1,7,3711,0,1,3,,2,2,SR-905 W/B,I-805,3696,E,N,A,-,Y,,,905,,,,,,W,Y,3,0,2,2,A,-,3,22350,,N,C,C,A,A,H,-,A,D,0,,,,,Y,,D,22,0,1,1,0,0,0,0,0,0,- ,- ,32.56864166,-117.0273438,SAN DIEGO,SAN DIEGO,-117.0273209,32.56835938
91286528,2020,8/14/20,9645,8/11/20,1645,16864,,2,2,7,3711,0,1,1,,2,13,I-805 N/B,MESA COLLEGE DRIVE O/C,10,N,N,A,-,Y,,,805,,,,,,N,Y,3,0,1,3,A,-,7,21658,A,N,B,C,A,A,H,-,A,D,0,,,,Y,Y,,A,1,0,1,0,0,0,0,0,0,0,- ,- ,32.80445099,-117.1507111,SAN DIEGO,SAN DIEGO,-117.1508713,32.80440521
91286536,2020,8/14/20,9645,8/11/20,1210,17473,,2,1,7,3711,0,1,1,,2,7,I-5 N/B,VIA DE LA VALLE,5280,S,N,A,-,Y,,,5,,,,,,N,Y,4,0,1,2,A,-,3,22350,,N,C,C,A,A,H,-,A,D,0,,,,,Y,,A,1,0,0,1,0,0,0,0,0,0,- ,- ,32.96776962,-117.2483368,SAN DIEGO,SAN DIEGO,-117.2483749,32.96775818
91286942,2020,8/17/20,9645,8/7/20,1513,21601,,5,2,7,3711,0,1,1,,2,1,I-5 S/B,CIVIC CENTER DRIVE,1056,N,N,A,-,Y,,,,,,,,,,N,4,0,1,2,A,-,3,22350,,N,C,C,A,A,H,-,A,D,0,,,,,Y,,A,1,0,0,1,0,0,0,0,0,0,- ,- ,32.67274857,-117.1108475,SAN DIEGO,SAN DIEGO,,
91287015,2020,8/17/20,9645,6/20/20,1745,20992,,6,2,7,3711,0,1,1,,2,5,I-5 S/B FROM CLAIREMONT DRIVE,CLAIREMONT DRIVE,200,S,N,B,-,Y,,,5,,,,R,,S,Y,3,0,1,1,A,-,1,23152,A,N,E,J,A,A,H,-,A,D,0,,,,,Y,Y,A,1,0,1,0,0,0,0,0,0,0,- ,- ,32.78829956,-117.2074966,SAN DIEGO,SAN DIEGO,-117.2074966,32.78829956
91287047,2020,8/17/20,9645,8/11/20,2019,17953,,2,2,7,3711,0,1,1,,2,10,I-8 W/B,MISSION CITY PKWY.,2112,E,N,A,-,Y,,,8,,,,,,W,Y,3,0,1,3,A,-,3,22350,,N,C,C,A,A,H,-,D,D,0,,,,,Y,Y,A,7,0,1,0,0,0,0,0,0,0,- ,- ,32.77854919,-117.1173172,SAN DIEGO,SAN DIEGO,-117.1173172,32.77855301
91287107,2020,8/17/20,9645,6/19/20,727,18095,,5,1,7,3711,0,1,1,,2,15,I-805 S/B,CARROLL CANYON RD,580,S,N,A,-,Y,,,805,,,,,,S,Y,4,0,1,1,A,-,1,23152,A,N,E,I,A,A,H,-,A,D,0,,,,,Y,Y,A,1,0,0,1,0,0,0,0,0,0,- ,- ,32.88700104,-117.2033005,SAN DIEGO,SAN DIEGO,-117.2034225,32.88695908
91287158,2020,8/17/20,9645,7/18/20,1245,21680,,6,1,7,3711,0,1,1,,2,1,I-5 SOUTHBOUND TO 28TH STREET,NATIONAL AVENUE O/C,500,S,N,A,-,Y,,,5,,,,R,,S,N,3,0,1,1,A,-,8,22107,,N,F,A,A,A,H,-,A,D,0,,,Y,,Y,,C,2,0,1,0,0,0,0,0,0,1,- ,- ,32.69575119,-117.1353912,SAN DIEGO,SAN DIEGO,-117.1353912,32.69575119
91287312,2020,8/17/20,9645,8/8/20,440,20867,,6,3,7,3711,0,1,3,,2,16,SR-52 E/B E OF SANTO RD.,SANTO RD.,1000,E,N,A,-,Y,,,52,,,,R,,E,Y,3,0,1,1,A,-,1,23152,A,N,E,I,A,A,H,-,D,D,0,,,,,Y,Y,A,7,0,1,0,0,0,0,0,0,0,- ,- ,32.84548187,-117.0796204,SAN DIEGO,SAN DIEGO,-117.0796204,32.84548187
9128761,2020,10/7/20,3711,7/8/20,1117,SD7893,,3,5,7,3711,0,0,0,,0,325,MISSION GORGE RD,JACKSON DR,0,,N,A,-,N,,,,,,,,,,Y,3,0,2,2,A,-,3,22350,,N,C,D,A,A,H,-,A,A,0,,,,,Y,Y,A,1,0,1,1,0,0,0,0,0,0,- ,- ,,,SAN DIEGO,SAN DIEGO,-117.0596085,32.8171196
9128762,2020,10/7/20,3711,7/9/20,1215,SD5133,,4,5,7,3711,0,0,0,,0,432,IMPERIAL AV,MERLIN DR,0,,Y,A,-,N,,,,,,,,,,N,4,0,3,2,A,-,12,21453,A,N,D,C,A,A,H,-,A,A,0,,,,,Y,,A,1,0,0,3,0,0,0,0,0,0,- ,- ,,,SAN DIEGO,SAN DIEGO,-117.0710678,32.70907974
9128763,2020,10/2/20,3711,7/1/20,1443,SD6418,,3,5,7,3711,0,0,0,,0,122,GRAND AV,MISSION BAY DR,0,,Y,A,-,N,,,,,,,,,,N,4,0,2,2,A,-,3,22350,,N,C,C,A,A,H,-,A,A,0,,,,,Y,,A,7,0,0,2,0,0,0,0,0,0,- ,- ,,,SAN DIEGO,SAN DIEGO,-117.2152023,32.80184937
9128764,2020,10/2/20,3711,7/6/20,538,SD4669,,1,5,7,3711,0,0,0,,0,242,BLACK MOUNTAIN AV,CAPRICORN AV,0,,Y,A,-,N,,,,,,,,,,Y,3,0,2,2,A,-,9,21453,C,N,B,C,A,A,H,-,B,A,0,,,,,Y,,D,22,0,1,1,0,0,0,0,0,0,- ,- ,,,SAN DIEGO,SAN DIEGO,-117.1246338,32.92433167
9128765,2020,10/2/20,3711,7/3/20,1330,SD1102,,5,5,7,3711,0,0,0,,0,315,CAMINO DEL RIO S,AUTO CIR,750,E,N,A,-,N,,,,,,,,,,N,4,0,2,2,A,-,9,21801,A,N,D,C,A,A,H,-,A,D,0,,,,,Y,,A,1,0,0,2,0,0,0,0,0,0,- ,- ,,,SAN DIEGO,SAN DIEGO,-117.1522903,32.76545334
9128766,2020,10/2/20,3711,7/8/20,1822,SD7862,,3,5,7,3711,0,0,0,,0,934,CARMEL VALLEY RD,OLD EL CAMINO REAL,446,W,N,A,-,N,,,,,,,,,,N,4,0,1,2,A,-,8,22107,,N,B,C,A,A,H,-,A,A,0,,,,,Y,,A,1,0,0,1,0,0,0,0,0,0,- ,- ,,,SAN DIEGO,SAN DIEGO,-117.2406387,32.93273544
91287832,2020,8/18/20,9645,8/17/20,710,18393,,1,1,7,3711,0,1,1,,2,9,I-805 N/B FROM MARKET ST,HILLTOP DR O/C,150,S,N,B,-,Y,,,805,,,,R,,N,N,4,0,1,2,A,-,3,22350,,F,C,C,A,A,H,-,A,A,0,,,,,Y,,-,99,0,0,1,0,0,0,0,0,0,- ,- ,32.71437836,-117.1023178,SAN DIEGO,SAN DIEGO,-117.1023178,32.71437836
91287929,2020,8/18/20,9645,8/15/20,1440,20952,,6,2,7,3711,0,1,3,,1,4,STATE ROUTE 75 S/B,INTERSTATE 5,2640,S,N,A,-,Y,,,75,,,,,,S,N,3,0,1,2,A,-,7,21658,A,N,C,C,A,A,H,-,A,D,0,,,,,Y,,A,8,0,1,0,0,0,0,0,0,0,- ,- ,32.69857025,-117.1449738,SAN DIEGO,SAN DIEGO,-117.1448975,32.69849396
91287989,2020,8/18/20,9645,8/10/20,35,21731,,1,3,7,3711,0,1,1,,2,3,I-5 S/B,COMMERCIAL ST,200,S,N,A,-,Y,,,5,,,,,,S,Y,2,0,1,1,A,-,8,22107,,F,E,I,A,A,H,-,C,D,0,,,,,Y,,A,1,1,0,0,0,0,0,0,0,0,- ,- ,32.70463943,-117.1471405,SAN DIEGO,SAN DIEGO,-117.1472321,32.70458603
91288086,2020,8/18/20,9645,8/13/20,347,21631,,4,3,7,3711,0,1,1,,2,19,I-15 N/B,W. BERNARDO DRIVE,600,S,N,A,-,Y,,,15,,,,,,N,Y,3,0,1,1,A,-,8,22107,,N,E,I,A,A,H,-,D,D,0,,,,,Y,,A,1,0,1,0,0,0,0,0,0,0,- ,- ,33.04813004,-117.0728607,SAN DIEGO,SAN DIEGO,-117.0727005,33.04814529
9128866,2020,9/15/20,3711,6/30/20,1640,SD1076,,2,5,7,3711,0,0,0,,0,826,EL CAJON BL,54TH ST,0,,Y,A,-,N,,,,,,,,,,N,4,0,1,2,A,-,9,21802,A,N,D,A,A,A,H,-,A,D,0,,,,,Y,,A,1,0,0,1,0,0,0,0,0,0,- ,- ,,,SAN DIEGO,SAN DIEGO,-117.0793533,32.7578392
9128867,2020,9/12/20,3711,6/30/20,330,SD1036,,2,5,7,3711,0,0,0,,0,114,GENESEE AV,APPLETON ST,0,,Y,A,-,N,,,,,,,,,,N,4,0,1,2,A,-,9,21453,B,M,D,C,A,A,H,-,C,A,0,,,,,Y,,-,99,0,0,1,0,0,0,0,0,0,- ,- ,,,SAN DIEGO,SAN DIEGO,-117.1960068,32.83768082
91288731,2020,8/19/20,9645,7/31/20,1550,20939,,5,2,7,3711,0,1,1,,2,10,I-8 W/B,TEXAS ST,310,E,N,A,-,Y,,,8,,,,,,W,Y,3,0,1,2,A,-,8,22107,,F,C,C,A,A,H,-,A,D,0,,,,,Y,,A,1,0,1,0,0,0,0,0,0,0,- ,- ,32.77050018,-117.1378021,SAN DIEGO,SAN DIEGO,-117.1378021,32.77051163
9128879,2020,9/12/20,3711,6/18/20,946,SD7275,,4,5,7,3711,0,0,0,,0,627,6TH AV,UNIVERSITY AV,0,,Y,A,-,N,,,,,,,,,,N,4,0,1,2,A,-,- ,,,N,D,C,A,A,H,-,A,A,0,,,,,Y,,A,1,0,0,1,0,0,0,0,0,0,- ,- ,,,SAN DIEGO,SAN DIEGO,-117.1595306,32.74832916
91289003,2020,8/19/20,9645,8/15/20,1124,19678,,6,1,7,3711,0,1,1,,2,10,I-8 W/B,SPORTS ARENA BLVD.,3168,E,N,A,-,Y,,,8,,,,,,W,N,4,0,1,2,A,-,3,22350,,N,C,C,A,A,H,-,A,D,0,,,,,Y,,D,22,0,0,1,0,0,0,0,0,0,- ,- ,32.75881958,-117.2132492,SAN DIEGO,SAN DIEGO,-117.2132416,32.75875473
9128905,2020,9/28/20,3711,7/12/20,1053,SD7129,,7,5,7,3711,0,0,0,,0,451,FEDERAL BL,FEDERAL BL 5300,0,,Y,A,-,N,,,,,,,,,,Y,3,0,1,4,A,-,8,22107,,N,B,E,A,A,H,-,A,D,0,,,,,Y,Y,A,1,0,1,0,0,0,0,0,0,0,- ,- ,,,SAN DIEGO,SAN DIEGO,,
9128906,2020,9/28/20,3711,7/15/20,1048,SD7447,,3,5,7,3711,0,0,0,,0,511,NATIONAL AV,S BEARDSLEY ST,0,,Y,A,-,N,,,,,,,,,,N,3,0,1,2,A,-,12,22450,A,M,D,C,A,A,H,-,A,A,0,,,,,Y,,-,,0,1,0,0,0,0,0,0,0,- ,- ,,,SAN DIEGO,SAN DIEGO,-117.1467438,32.70182037
9128907,2020,9/28/20,3711,7/16/20,640,SD4691,,4,5,7,3711,0,0,0,,0,241,BRIARCLIFF DR,BROOKTREE,50,E,N,A,-,N,,,,,,,,,,Y,4,0,1,2,A,-,8,22107,,N,A,E,A,A,H,-,A,B,0,,,,,Y,Y,A,1,0,0,1,0,0,0,0,0,0,- ,- ,,,SAN DIEGO,SAN DIEGO,-117.0936813,32.91085434
9128908,2020,9/28/20,3711,7/13/20,1445,SD5454,,1,5,7,3711,0,0,0,,0,827,SHILOH RD,REX AV,0,,Y,A,-,N,,,,,,,,,,Y,4,0,3,2,A,-,9,21802,A,N,D,C,A,A,H,-,A,D,0,,,,,Y,,A,1,0,0,3,0,0,0,0,0,0,- ,- ,,,SAN DIEGO,SAN DIEGO,-117.0815277,32.74814987
9128909,2020,9/28/20,3711,7/16/20,9,SD6513,,4,5,7,3711,0,0,0,,0,721,MAIN ST,WEST FRONTAGE RD,66,E,N,A,-,N,,,,,,,,,,N,3,0,3,1,A,-,3,22350,,M,E,I,A,A,H,-,D,A,0,,,,,Y,,A,1,0,2,1,0,0,0,0,0,0,- ,- ,,,SAN DIEGO,SAN DIEGO,-117.0906601,32.59506607
9128910,2020,9/28/20,3711,7/15/20,510,SD6203,,3,5,7,3711,0,0,0,,0,242,FLANDERS DR,CAMINO RUIZ,0,,Y,A,-,N,,,,,,,,,,N,4,0,1,2,D,-,0,,,N,D,C,A,A,H,-,A,A,0,,,,,Y,Y,-,- ,0,0,1,0,0,0,0,0,0,- ,- ,,,SAN DIEGO,SAN DIEGO,-117.1458969,32.90681076
9128911,2020,9/29/20,3711,7/15/20,800,SD7824,,3,5,7,3711,0,0,0,,0,124,VIA MALLORCA,VIA MALLORCA 8400,0,,N,A,-,N,,,,,,,,,,N,4,0,1,2,A,-,17,22109,,N,C,C,A,A,H,-,A,D,0,,,,,Y,,A,1,0,0,1,0,0,0,0,0,0,- ,- ,,,SAN DIEGO,SAN DIEGO,,
9128912,2020,9/28/20,3711,7/15/20,1624,SD7556,,3,5,7,3711,0,0,0,,0,531,FLORIDA DR,MORLEY FIELD DR,10,N,N,A,-,N,,,,,,,,,,N,3,0,1,2,A,-,12,22450,A,N,B,G,A,A,H,-,A,D,0,,Y,,,Y,,L,4,0,1,0,0,0,0,1,0,0,- ,- ,,,SAN DIEGO,SAN DIEGO,-117.1437378,32.73981857
91289443,2020,8/20/20,9645,8/14/20,1553,16864,,5,2,7,3711,0,1,1,,2,10,I-8 W/B,WARING ROAD O/C,150,W,N,A,-,Y,,,8,,,,,,W,Y,3,0,2,3,A,-,3,22350,,N,C,C,A,A,H,-,A,D,0,,,,,Y,,D,22,0,2,0,0,0,0,0,0,0,- ,- ,32.78100967,-117.0889206,SAN DIEGO,SAN DIEGO,-117.0889206,32.78098679
91289459,2020,8/20/20,9645,8/8/20,2210,19712,,6,3,7,3711,0,1,1,,2,27,SR-15 N/B,ADAMS AVE.,896,N,N,A,-,Y,,,15,,,,,,N,Y,3,0,1,2,A,-,1,23152,A,N,C,C,A,A,H,-,C,D,0,,,,,Y,Y,A,1,0,1,0,0,0,0,0,0,0,- ,- ,32.76771164,-117.1112289,SAN DIEGO,SAN DIEGO,-117.1112137,32.76771927
91289488,2020,8/20/20,9645,8/14/20,1212,19054,,5,1,7,3711,0,1,1,,2,10,I-8 W/B,MISSION CITY PKWY O/C,791,W,N,A,-,Y,,,8,,,,,,W,Y,3,0,1,1,A,-,8,22107,,N,E,I,A,A,H,-,A,D,0,,,,,Y,,A,1,0,1,0,0,0,0,0,0,0,- ,- ,32.77349854,-117.1281509,SAN DIEGO,SAN DIEGO,-117.128006,32.77322769
91289518,2020,8/20/20,9645,8/13/20,1710,20992,,4,2,7,3711,0,1,1,,2,3,I-5 SOUTHBOUND,SR-94,300,N,N,A,-,Y,,,,,,,,,,Y,3,0,1,1,A,-,3,22350,,N,E,J,A,A,H,-,A,D,0,,,Y,,Y,,C,2,0,1,0,0,0,0,0,0,1,- ,- ,32.76826859,-117.8912735,SAN DIEGO,SAN DIEGO,-117.0744781,32.72512054
91289585,2020,8/20/20,9645,8/11/20,56,21651,,2,3,7,3711,0,1,3,,2,25,SR-163 S/B FROM KEARNY VILLA RD,KEARNY VILLA RD,169,S,N,A,-,Y,,,163,,,,R,,S,Y,2,0,2,1,A,-,1,23152,A,N,E,I,A,A,H,-,A,D,0,,,,,Y,Y,A,1,1,1,0,0,0,0,0,0,0,- ,- ,32.85634995,-117.1190338,SAN DIEGO,SAN DIEGO,-117.1190338,32.85634995
9128961,2020,9/28/20,3711,7/7/20,1859,SD7520,,2,5,7,3711,0,0,0,,0,512,HARRISON AV,CESAR E CHAVEZ,0,,Y,A,-,N,,,,,,,,,,N,4,0,1,2,A,-,21,22106,,N,D,C,A,A,H,-,A,D,0,,,,,Y,,A,1,0,0,1,0,0,0,0,0,0,- ,- ,,,SAN DIEGO,SAN DIEGO,-117.141098,32.70471954
9128962,2020,12/1/20,3711,7/6/20,1547,SD6552,,1,5,7,3711,0,0,0,,0,931,CARROLL CANYON RD,RT 805,0,,Y,A,-,Y,SD,11,805,-,-,27.061,R,4,S,Y,3,0,3,2,A,-,12,21453,A,N,D,C,A,A,H,-,A,A,0,,,,,Y,,A,1,0,3,0,0,0,0,0,0,0,- ,SF,,,SAN DIEGO,SAN DIEGO,-117.2060852,32.89029312
9128963,2020,9/28/20,3711,7/5/20,1338,SD7966,,7,5,7,3711,0,0,0,,0,441,LOGAN AV,45TH ST,6,W,N,A,-,N,,,,,,,,,,N,2,0,1,2,A,-,10,21950,A,N,G,B,B,A,H,-,A,A,0,Y,,,,Y,,A,1,1,0,0,0,1,0,0,0,0,- ,- ,,,SAN DIEGO,SAN DIEGO,-117.0980606,32.69681931
9128964,2020,9/28/20,3711,7/2/20,1305,SD7275,,4,5,7,3711,0,0,0,,0,625,TAYLOR ST,JUAN ST,0,,Y,A,-,N,,,,,,,,,,N,4,0,2,2,A,-,12,21453,A,N,A,C,A,A,H,-,A,A,0,,,,,Y,,A,1,0,0,2,0,0,0,0,0,0,- ,- ,,,SAN DIEGO,SAN DIEGO,-117.1986008,32.75677872
9128965,2020,9/28/20,3711,7/1/20,1319,SD6944,,3,5,7,3711,0,0,0,,0,826,EL CAJON BL,ALTADENA,15,E,N,A,-,N,,,,,,,,,,N,3,0,1,2,A,-,3,22350,,N,D,C,A,A,H,-,A,D,0,,,,,Y,,A,1,0,1,0,0,0,0,0,0,0,- ,- ,,,SAN DIEGO,SAN DIEGO,-117.085701,32.75695801
9128966,2020,9/28/20,3711,7/7/20,1745,SD7680,,2,5,7,3711,0,0,0,,0,122,GARNET AV,BOND ST,200,E,N,A,-,N,,,,,,,,,,N,4,0,1,2,B,-,22,,,N,C,C,A,A,H,-,A,A,0,,,,,Y,,A,1,0,0,1,0,0,0,0,0,0,- ,- ,,,SAN DIEGO,SAN DIEGO,-117.220459,32.80583191
9128967,2020,9/28/20,3711,7/5/20,1105,SD7925,,7,5,7,3711,0,0,0,,0,315,CAMINO DE LA REINA,CAMINO DEL ESTE,1250,W,N,A,-,N,,,,,,,,,,Y,4,0,1,1,A,-,3,22350,,N,H,A,A,A,H,-,A,D,0,,,Y,,Y,,C,2,0,0,1,0,0,0,0,0,1,- ,- ,,,SAN DIEGO,SAN DIEGO,-117.1481247,32.77045441
9128968,2020,9/28/20,3711,7/2/20,1040,SD7449,,4,5,7,3711,0,0,0,,0,123,FIESTA ISLAND,FIESTA ISLAND 900,5280,S,N,A,-,N,,,,,,,,,,N,3,0,2,2,A,-,3,22350,,N,C,B,-,A,H,-,A,D,0,Y,Y,,,Y,,L,4,0,1,1,0,1,0,1,0,0,- ,- ,,,SAN DIEGO,SAN DIEGO,,
9128969,2020,9/29/20,3711,7/4/20,2350,SD7425,,6,5,7,3711,0,0,0,,0,124,LA JOLLA SHORES DR,PASEO DORADO,0,,Y,A,-,N,,,,,,,,,,Y,3,0,2,2,A,-,9,21802,A,N,D,C,A,A,H,-,D,A,0,,,,,Y,,A,1,0,1,1,0,0,0,0,0,0,- ,- ,,,SAN DIEGO,SAN DIEGO,-117.253891,32.85245132
9128970,2020,9/28/20,3711,7/5/20,1744,SD1041,,7,5,7,3711,0,0,0,,0,123,WEST MISSION BAY DR,MILEPOST,162,N,N,A,-,N,,,,,,,,,,N,4,0,4,2,A,-,3,22350,,N,C,C,A,A,H,-,A,D,0,,,,,Y,,A,1,0,0,4,0,0,0,0,0,0,- ,- ,,,SAN DIEGO,SAN DIEGO,,
9128971,2020,9/30/20,3711,7/4/20,1149,SD7904,,6,5,7,3711,0,0,0,,0,933,DEL MAR HEIGHTS RD,DEL MAR HEIGHTS RD 3000,0,N,N,A,-,N,,,,,,,,,,N,3,0,1,2,A,-,22,23123,A,N,G,G,A,A,H,-,A,A,0,,Y,,,Y,,A,1,0,1,0,0,0,0,1,0,0,- ,- ,,,SAN DIEGO,SAN DIEGO,,
9128972,2020,9/28/20,3711,7/6/20,1010,SD1068,,1,5,7,3711,0,0,0,,0,522,MARKET ST,2ND AV,90,W,N,A,-,N,,,,,,,,,,N,4,0,1,2,A,-,9,21804,A,M,D,G,A,A,H,-,A,A,0,,Y,,,Y,,A,1,0,0,1,0,0,0,1,0,0,- ,- ,,,SAN DIEGO,SAN DIEGO,-117.1631699,32.7115097
9128973,2020,9/28/20,3711,7/5/20,2225,SD7478,,7,5,7,3711,0,0,0,,0,436,SOUTH WOODMAN ST,SKYLINE DR,0,,Y,A,-,N,,,,,,,,,,N,4,0,1,2,A,-,9,21453,C,M,A,C,A,A,H,-,C,A,0,,,,,Y,,-,99,0,0,1,0,0,0,0,0,0,- ,- ,,,SAN DIEGO,SAN DIEGO,-117.0547028,32.70129013
9128974,2020,10/8/20,3711,7/6/20,1729,SD5395,,1,5,7,3711,0,0,0,,0,615,ROSECRANS ST,ROSECRANS ST  1700,0,,Y,-,-,N,,,,,,,,,,N,3,0,1,1,A,-,3,22350,,N,A,I,A,A,H,-,A,D,0,,,,,Y,,A,1,0,1,0,0,0,0,0,0,0,- ,- ,,,SAN DIEGO,SAN DIEGO,,
91289748,2020,8/20/20,9645,8/19/20,1204,14461,,3,1,7,3711,0,1,1,,2,19,I-15 SOUTHBOUND,CAMINO DEL NORTE,1320,N,N,A,-,Y,,,15,,,,,,S,Y,3,0,1,2,A,-,7,21658,A,N,B,C,A,A,H,-,A,D,0,,,,,Y,,A,1,0,1,0,0,0,0,0,0,0,- ,- ,33.00194931,-117.0820618,SAN DIEGO,SAN DIEGO,-117.0820694,33.00195313
9128975,2020,9/28/20,3711,7/6/20,1839,SD7699,,1,5,7,3711,0,0,0,,0,721,PALM AV,SATURN BL,1545,E,N,A,-,N,,,,,,,,,,Y,4,0,2,2,A,-,12,21453,A,N,D,C,A,A,H,-,A,A,0,,,,,Y,,A,1,0,0,2,0,0,0,0,0,0,- ,- ,,,SAN DIEGO,SAN DIEGO,-117.0876312,32.58377075
91289842,2020,8/20/20,9645,8/19/20,1230,16766,,3,1,7,3711,0,1,1,,2,21,I-15 N/B,ADAMS AVE,1320,N,N,A,-,Y,,,15,,,,,,N,Y,3,0,1,2,A,-,7,21658,A,N,B,C,A,A,H,-,A,D,0,,,Y,,Y,,C,2,0,1,0,0,0,0,0,0,1,- ,- ,32.77394104,-117.1118088,SAN DIEGO,SAN DIEGO,-117.1120377,32.77402115
91290068,2020,8/21/20,9645,8/18/20,1600,16864,,2,2,7,3711,0,1,1,,2,15,I-805 N/B TO I-5 N/B,SORRENTO VALLEY BLVD,100,N,N,A,-,Y,,,805,,,,R,,N,Y,3,0,1,3,A,-,3,22350,,N,C,C,A,A,H,-,A,D,0,,,,,Y,,A,1,0,1,0,0,0,0,0,0,0,- ,- ,32.90279007,-117.2222824,SAN DIEGO,SAN DIEGO,-117.2222824,32.90279007