CASE_ID,ACCIDENT_YEAR,PROC_DATE,JURIS,COLLISION_DATE,COLLISION_TIME,OFFICER_ID,REPORTING_DISTRICT,DAY_OF_WEEK,CHP_SHIFT,POPULATION,CNTY_CITY_LOC,SPECIAL_COND,BEAT_TYPE,CHP_BEAT_TYPE,CITY_DIVISION_LAPD,CHP_BEAT_CLASS,BEAT_NUMBER,PRIMARY_RD,SECONDARY_RD,DISTANCE,DIRECTION,INTERSECTION,WEATHER_1,WEATHER_2,STATE_HWY_IND,CALTRANS_COUNTY,CALTRANS_DISTRICT,STATE_ROUTE,ROUTE_SUFFIX,POSTMILE_PREFIX,POSTMILE,LOCATION_TYPE,RAMP_INTERSECTION,SIDE_OF_HWY,TOW_AWAY,COLLISION_SEVERITY,NUMBER_KILLED,NUMBER_INJURED,PARTY_COUNT,PRIMARY_COLL_FACTOR,PCF_CODE_OF_VIOL,PCF_VIOL_CATEGORY,PCF_VIOLATION,PCF_VIOL_SUBSECTION,HIT_AND_RUN,TYPE_OF_COLLISION,MVIW,PED_ACTION,ROAD_SURFACE,ROAD_COND_1,ROAD_COND_2,LIGHTING,CONTROL_DEVICE,CHP_ROAD_TYPE,PEDESTRIAN_ACCIDENT,BICYCLE_ACCIDENT,MOTORCYCLE_ACCIDENT,TRUCK_ACCIDENT,NOT_PRIVATE_PROPERTY,ALCOHOL_INVOLVED,STWD_VEHTYPE_AT_FAULT,CHP_VEHTYPE_AT_FAULT,COUNT_SEVERE_INJ,COUNT_VISIBLE_INJ,COUNT_COMPLAINT_PAIN,COUNT_PED_KILLED,COUNT_PED_INJURED,COUNT_BICYCLIST_KILLED,COUNT_BICYCLIST_INJURED,COUNT_MC_KILLED,COUNT_MC_INJURED,PRIMARY_RAMP,SECONDARY_RAMP,LATITUDE,LONGITUDE,COUNTY,CITY,POINT_X,POINT_Y
91353125,2020,11/25/20,9645,11/23/20,1607,17667,,1,2,7,3711,0,1,1,,2,27,I-15 S/B FROM AERO DR.,AERO DR.,100,S,N,A,-,Y,,,15,,,,R,,S,Y,4,0,1,2,A,-,3,22350,,N,C,C,A,A,H,-,A,D,0,,,,,Y,,A,7,0,0,1,0,0,0,0,0,0,- ,- ,32.80781174,-117.1140594,SAN DIEGO,SAN DIEGO,-117.1140594,32.80781174
91353130,2020,11/25/20,9645,11/24/20,945,16156,,2,1,7,3711,0,1,1,,2,10,I-8 E/B,TEXAS STREET O/C,200,E,N,A,-,Y,,,8,,,,,,E,Y,4,0,1,2,A,-,7,21658,A,N,B,C,A,A,H,-,A,D,0,,,,,Y,,A,1,0,0,1,0,0,0,0,0,0,- ,- ,32.7701416,-117.1372299,SAN DIEGO,SAN DIEGO,-117.1373062,32.77047348
91353131,2020,11/25/20,9645,11/20/20,1733,16864,,5,2,7,3711,0,1,1,,2,10,I-8 E/B COLLECTOR ROAD,MISSION CENTER ROAD O/C,1056,W,N,A,-,Y,,,8,,,,,,E,N,3,0,1,2,A,-,3,22350,,N,C,C,A,A,H,-,C,D,0,,,,,Y,,A,1,0,1,0,0,0,0,0,0,0,- ,- ,32.76414108,-117.1579132,SAN DIEGO,SAN DIEGO,-117.1579437,32.76426315
91353790,2020,11/25/20,9645,11/19/20,310,21639,,4,3,7,3711,0,1,1,,2,10,I-8 EASTBOUND,COLLEGE AVE,150,E,N,A,-,Y,,,8,,,,,,E,Y,4,0,1,2,A,-,8,22107,,N,E,J,A,A,D,-,C,D,0,,,,,Y,,A,8,0,0,1,0,0,0,0,0,0,- ,- ,32.77933121,-117.0657883,SAN DIEGO,SAN DIEGO,-117.0657883,32.7793541
91353831,2020,11/25/20,9645,11/20/20,1815,15790,,5,2,7,3711,0,1,3,,2,23,SR-163 (NB),BALBOA AVENUE (O/C),1584,S,N,B,-,Y,,,,,,,,,,Y,3,0,1,2,A,-,7,21658,A,N,B,C,A,A,H,-,D,D,0,,,,,Y,,A,1,0,1,0,0,0,0,0,0,0,- ,- ,32.81710052,-117.1480026,SAN DIEGO,SAN DIEGO,-117.1489792,32.81787491
91353940,2020,11/25/20,9645,11/24/20,1100,17678,,2,1,7,3711,0,1,1,,2,21,SR-15 S/B TRANSITION ROAD TO I-805 S/B,I-805 O/C,300,N,N,A,-,Y,,,15,,,,R,,S,Y,3,0,1,2,A,-,3,22350,,N,C,C,A,A,H,-,A,D,0,,,,Y,Y,,G,27,0,1,0,0,0,0,0,0,0,- ,- ,32.74129105,-117.1130295,SAN DIEGO,SAN DIEGO,-117.1130295,32.74129105
91353983,2020,11/25/20,9645,11/6/20,1807,20992,,5,2,7,3711,0,1,1,,2,10,I-8 WESTBOUND,COLLEGE AVENUE,500,W,N,A,-,Y,,,8,,,,,,W,Y,3,0,1,3,A,-,3,22350,,N,A,C,A,A,H,-,D,D,0,,,,,Y,,E,22,0,1,0,0,0,0,0,0,0,- ,- ,32.77959824,-117.0752029,SAN DIEGO,SAN DIEGO,-117.0752106,32.7794838
91354985,2020,11/30/20,9645,11/19/20,1732,18697,,4,2,7,3711,0,1,1,,2,9,INTERSTATE 805 (S/B),IMPERIAL AVENUE,630,S,N,A,-,Y,,,805,,,,,,,Y,4,0,1,3,A,-,3,22350,,N,C,C,A,A,H,-,C,D,0,,,,,Y,,A,8,0,0,1,0,0,0,0,0,0,- ,- ,32.70235825,-117.0949707,SAN DIEGO,SAN DIEGO,-117.0949936,32.70235825
91355297,2020,11/30/20,9645,11/23/20,1710,16864,,1,2,7,3711,0,1,1,,2,15,I-805 S/B,GOVERNOR DRIVE,1584,N,N,A,-,Y,,,805,,,,,,S,N,3,0,1,4,A,-,3,22350,,N,C,C,A,A,H,-,C,D,0,,,,,Y,,A,1,0,1,0,0,0,0,0,0,0,- ,- ,32.86314011,-117.1887131,SAN DIEGO,SAN DIEGO,-117.1887512,32.86310577
91355369,2020,11/30/20,9645,11/23/20,1711,18393,,1,2,7,3711,0,1,1,,2,21,SR-15 S/B,LANDIS ST PEDESTRIAN O/C,800,S,N,A,-,Y,,,,,,,,,,Y,2,0,2,3,A,-,3,22350,,N,C,C,A,A,H,-,D,D,0,,,,,Y,,A,1,1,0,1,0,0,0,0,0,0,- ,- ,32.84030914,-117.1301575,SAN DIEGO,SAN DIEGO,,
91355489,2020,11/30/20,9645,11/24/20,1749,17953,,2,2,7,3711,0,1,1,,2,21,SR-15 S/B,WIGHTMAN ST. O/C,660,S,N,A,-,Y,,,15,,,,,,S,Y,4,0,1,3,A,-,3,22350,,N,C,C,A,A,H,-,D,D,0,,,,,Y,,A,1,0,0,1,0,0,0,0,0,0,- ,- ,32.74594116,-117.1093216,SAN DIEGO,SAN DIEGO,-117.1092453,32.74591446
91356128,2020,12/1/20,9645,9/7/20,2212,19867,,1,3,7,3711,0,1,1,,2,10,I-8 W/B FROM FAIRMONT AVENUE,I-15 S/B,886,W,N,A,-,Y,,,8,,,,R,,W,Y,1,1,0,4,A,-,11,21954,A,N,G,B,E,A,H,-,C,D,0,Y,,,,Y,,N,60,0,0,0,1,0,0,0,0,0,- ,- ,32.77880859,-117.1147232,SAN DIEGO,SAN DIEGO,-117.1147232,32.77880859
91356163,2020,12/1/20,9645,3/3/20,28,15001,,2,3,7,3711,0,1,1,,2,17,"INTERSTATE 15, NORTHBOUND",RANCHO BERNARDO ROAD,400,N,N,B,-,Y,,,15,,,,,,N,Y,1,1,1,1,A,-,1,23152,G,N,F,A,A,A,H,-,D,D,0,,,,,Y,Y,A,7,1,0,0,0,0,0,0,0,0,- ,- ,33.02954865,-117.0781784,SAN DIEGO,SAN DIEGO,-117.0785751,33.02956772
91356519,2020,12/1/20,9645,8/5/20,1540,17480,,3,2,7,3711,0,1,3,,2,23,STATE ROUTE 163 N/B,GENESSE AVENUE,144,S,N,A,-,Y,,,163,,,,,,N,Y,1,1,0,2,A,-,3,22350,,N,C,C,A,A,H,-,A,D,0,,,,Y,Y,,D,22,0,0,0,0,0,0,0,0,0,- ,- ,32.79095078,-117.1592407,SAN DIEGO,SAN DIEGO,-117.1591415,32.79091644
91356612,2020,12/1/20,9645,11/21/20,1530,20474,,6,2,7,3711,0,1,1,,2,19,I-15 N/B,CAMINO DEL NORTE,528,S,N,A,-,Y,,,15,,,,,,N,Y,3,0,1,2,A,-,1,23152,A,N,C,E,A,A,H,-,A,D,0,,,Y,,Y,Y,C,2,0,1,0,0,0,0,0,0,1,- ,- ,32.99271011,-117.0834427,SAN DIEGO,SAN DIEGO,-117.0832825,32.99273682
91357361,2020,12/2/20,9645,11/24/20,300,21697,,2,3,7,3711,0,1,1,,2,11,I-805 N/B,TULIP ST. O/C,53,S,N,A,-,Y,,,805,,,,,,N,Y,2,0,1,1,A,-,8,22107,,N,E,I,A,A,H,-,D,D,0,,,Y,,Y,,C,2,1,0,0,0,0,0,0,0,1,- ,- ,32.73001862,-117.1076202,SAN DIEGO,SAN DIEGO,-117.1076431,32.72996902
91357425,2020,12/2/20,9645,11/25/20,1045,15494,,3,1,7,3711,0,1,1,,2,11,I-805 N/B,RALENE STREET,100,N,N,A,-,Y,,,805,,,,,,N,N,4,0,1,2,A,-,7,21658,A,N,B,C,A,A,H,-,A,D,0,,,,,Y,,A,8,0,0,1,0,0,0,0,0,0,- ,- ,32.73022079,-117.108017,SAN DIEGO,SAN DIEGO,-117.1080399,32.73018646
91357462,2020,12/2/20,9645,11/24/20,1725,21263,,2,2,7,3711,0,1,1,,2,10,INTERSTATE 8 EASTBOUND,INTERSTATE 805,2300,E,N,A,-,Y,,,8,,,,,,E,Y,4,0,2,2,A,-,7,21658,A,F,C,C,A,A,H,-,D,D,0,,,,,Y,,-,99,0,0,2,0,0,0,0,0,0,- ,- ,32.77465057,-117.1248398,SAN DIEGO,SAN DIEGO,-117.1248703,32.77470016
91357777,2020,12/2/20,9645,11/25/20,1713,16864,,3,2,7,3711,0,1,1,,2,15,I-805 S/B,GOVERNOR DRIVE,1584,N,N,A,-,Y,,,805,,,,,,S,Y,3,0,1,2,A,-,3,22350,,N,C,C,A,A,H,-,C,D,0,,,,,Y,,A,1,0,1,0,0,0,0,0,0,0,- ,- ,32.86238861,-117.1882324,SAN DIEGO,SAN DIEGO,-117.1881485,32.86246872
9135783,2020,6/4/21,3711,7/20/20,622,5342,,1,5,7,3711,0,0,0,,0,242,MIRA MESA BL,WESTONHILL DR,0,,Y,A,-,N,,,,,,,,,,Y,4,0,1,2,A,-,12,21453,A,N,D,C,A,A,H,-,A,A,0,,,,,Y,,A,1,0,0,1,0,0,0,0,0,0,- ,- ,,,SAN DIEGO,SAN DIEGO,-117.1356277,32.91292191
9135784,2020,9/17/20,3711,7/17/20,1536,7322,,5,5,7,3711,0,0,0,,0,433,AKINS AV,STORK ST,0,,Y,A,-,N,,,,,,,,,,Y,3,0,4,2,A,-,9,21801,A,N,D,-,A,A,H,-,A,A,0,,,,,Y,,A,1,0,1,3,0,0,0,0,0,0,- ,- ,,,SAN DIEGO,SAN DIEGO,-117.0611572,32.71051025
91358424,2020,12/3/20,9645,12/2/20,800,18393,,3,1,7,3711,0,1,1,,2,10,I-8 W/B FROM COLLEGE AVE N/B,COLLEGE AVE O/C,360,W,N,A,-,Y,,,8,,,,R,,W,Y,4,0,1,2,A,-,3,22350,,N,C,C,A,A,H,-,A,A,0,,,,,Y,,A,1,0,0,1,0,0,0,0,0,0,- ,- ,32.77807999,-117.0771179,SAN DIEGO,SAN DIEGO,-117.0771179,32.77807999
91358615,2020,12/3/20,9645,11/27/20,1715,21263,,5,2,7,3711,0,1,1,,2,10,INTERSTATE 8 WESTBOUND,MISSION CENTER ROAD,1800,E,N,A,-,Y,,,8,,,,,,W,Y,3,0,1,2,A,-,3,22350,,N,C,C,A,A,H,-,D,D,0,,,,,Y,,A,7,0,1,0,0,0,0,0,0,0,- ,- ,32.76752853,-117.1462479,SAN DIEGO,SAN DIEGO,-117.1462326,32.76747513
91358650,2020,12/3/20,9645,11/29/20,1605,20952,,7,2,7,3711,0,1,3,,2,25,SR-163 N/B TO CLAIREMONT MESA BLVD.,CLAIREMONT MESA BLVD,528,S,N,A,-,Y,,,163,,,,R,,N,Y,3,0,1,1,A,-,3,22350,,N,F,A,A,A,H,-,A,D,0,,,Y,,Y,,C,2,0,1,0,0,0,0,0,0,1,- ,- ,32.83089066,-117.1410065,SAN DIEGO,SAN DIEGO,-117.1410065,32.83089066
91358661,2020,12/3/20,9645,11/30/20,1005,15847,,1,1,7,3711,0,1,1,,2,7,I-5 N/B,VIA DE LA VALLE,1584,S,N,A,-,Y,,,5,,,,,,N,Y,4,0,1,2,A,-,8,22107,,N,B,C,A,A,H,-,A,D,0,,,,,Y,,A,1,0,0,1,0,0,0,0,0,0,- ,- ,32.97518921,-117.2511215,SAN DIEGO,SAN DIEGO,-117.2511673,32.97517395
91358684,2020,12/3/20,9645,11/27/20,1739,21263,,5,2,7,3711,0,1,1,,2,10,INTERSTATE 8 WESTBOUND,MISSION CENTER ROAD,1850,E,N,A,-,Y,,,8,,,,,,W,Y,3,0,1,2,A,-,3,22350,,N,D,C,A,A,H,-,C,D,0,,,,,Y,,A,1,0,1,0,0,0,0,0,0,0,- ,- ,32.76818085,-117.1446991,SAN DIEGO,SAN DIEGO,-117.1447067,32.76818848
91358685,2020,12/21/20,9645,11/27/20,1738,21263,,5,2,7,3711,0,1,1,,2,10,INTERSTATE 8 WESTBOUND,MISSION CENTER ROAD,1875,E,N,A,-,Y,,,8,,,,,,W,Y,3,0,1,2,A,-,3,22350,,N,B,C,A,A,H,-,C,D,0,,,,,Y,,D,22,0,1,0,0,0,0,0,0,0,- ,- ,32.76818085,-117.1446991,SAN DIEGO,SAN DIEGO,-117.1447067,32.76818848
91358982,2020,12/4/20,9645,11/24/20,1500,16864,,2,2,7,3711,0,1,3,,2,14,SR-52 E/B,CONVOY STREET,2112,W,N,A,-,Y,,,52,,,,,,E,Y,2,0,1,2,C,-,18,,,N,E,E,A,A,D,-,A,A,0,,,Y,,Y,,-,- ,1,0,0,0,0,0,0,0,1,- ,- ,32.83843994,-117.160202,SAN DIEGO,SAN DIEGO,-117.1601639,32.83850098
9135904,2020,9/3/20,3711,4/22/20,1454,SD7903,,3,5,7,3711,0,0,0,,0,433,69TH,WUNDERLIN AV,120,S,N,A,-,N,,,,,,,,,,N,2,0,1,2,A,-,11,21955,,N,D,B,D,A,H,-,A,D,0,Y,,,,Y,,N,60,1,0,0,0,1,0,0,0,0,- ,- ,,,SAN DIEGO,SAN DIEGO,-117.0493546,32.71417236
91359066,2020,12/4/20,9645,11/24/20,940,16047,,2,1,7,3711,0,1,1,,2,9,I-805 NORTHBOUND,PALM AVENUE,1000,N,N,A,-,Y,,,805,,,,,,N,Y,4,0,1,2,A,-,7,21658,A,F,E,C,A,A,H,-,A,D,0,,,,,Y,,-,99,0,0,1,0,0,0,0,0,0,- ,- ,32.58522034,-117.0365372,SAN DIEGO,SAN DIEGO,-117.0365448,32.58522034
9135909,2020,9/3/20,3711,4/22/20,1840,SD4824,,3,5,7,3711,0,0,0,,0,246,SPRUCE RUN DR,WANNACUT PL,528,N,N,A,-,N,,,,,,,,,,N,3,0,1,1,A,-,3,22350,,N,H,-,A,A,H,-,A,D,0,,Y,,,Y,,L,4,0,1,0,0,0,0,1,0,0,- ,- ,,,SAN DIEGO,SAN DIEGO,-117.0860443,32.93073654
9135910,2020,9/3/20,3711,4/22/20,1805,SD7200,,3,5,7,3711,0,0,0,,0,122,INGRAHAM ST,REED AV,100,S,N,A,-,N,,,,,,,,,,Y,4,0,1,2,A,-,9,21804,A,N,D,C,A,A,H,-,A,D,0,,,,,Y,,A,1,0,0,1,0,0,0,0,0,0,- ,- ,,,SAN DIEGO,SAN DIEGO,-117.2395859,32.79566574
9135911,2020,11/24/20,3711,4/22/20,1442,SD7705,,3,5,7,3711,0,0,0,,0,235,SAN PASQUAL VALLEY RD,SAN PASQUAL VALLEY RD 19066,0,,N,A,-,Y,SD,11,78,-,R,21.62,H,-,W,N,3,0,1,1,A,-,3,22350,,N,H,A,A,A,H,-,A,D,0,,Y,,,Y,,L,4,0,1,0,0,0,0,1,0,0,- ,- ,,,SAN DIEGO,SAN DIEGO,-117.0352325,33.10229874
9135912,2020,9/3/20,3711,4/22/20,1746,SD7464,,3,5,7,3711,0,0,0,,0,825,KENSINGTON DR,SUSSEX DR,0,,Y,A,-,N,,,,,,,,,,N,3,0,1,2,A,-,6,21760,,N,B,G,A,A,H,-,A,D,0,,Y,,,Y,,A,7,0,1,0,0,0,0,1,0,0,- ,- ,,,SAN DIEGO,SAN DIEGO,-117.1072998,32.76605988
9135913,2020,9/3/20,3711,4/22/20,1215,SD7224,,3,5,7,3711,0,0,0,,0,311,MURPHY RIDGE RD,NEVA AV,0,,Y,A,-,N,,,,,,,,,,N,4,0,1,4,A,-,8,22107,,N,B,E,A,A,H,-,A,D,0,,,,,Y,,A,1,0,0,1,0,0,0,0,0,0,- ,- ,,,SAN DIEGO,SAN DIEGO,,
9135914,2020,9/3/20,3711,4/9/20,1607,SD6334,,4,5,7,3711,0,0,0,,0,116,CLAIREMONT DR,RAPPAHANNOCK AV,77,S,N,B,-,N,,,,,,,,,,Y,2,0,2,2,A,-,3,22350,,N,C,C,A,A,H,-,A,A,0,,,,,Y,,A,1,1,0,1,0,0,0,0,0,0,- ,- ,,,SAN DIEGO,SAN DIEGO,-117.200737,32.80550385
9135915,2020,9/3/20,3711,4/23/20,1544,SD7604,,4,5,7,3711,0,0,0,,0,313,CLAIREMONT MESA BL,SHAWLINE ST,400,E,N,A,-,N,,,,,,,,,,Y,3,0,1,2,A,-,3,22350,,N,C,E,A,A,H,-,A,D,0,,,,,Y,,A,1,0,1,0,0,0,0,0,0,0,- ,- ,,,SAN DIEGO,SAN DIEGO,-117.162529,32.83267212
9135916,2020,9/3/20,3711,4/23/20,1833,SD7804,,4,5,7,3711,0,0,0,,0,826,TROJAN AV,ALTADENA AV,143,E,N,A,-,N,,,,,,,,,,N,3,0,2,4,A,-,8,22107,,N,D,C,A,A,H,-,A,D,0,,,,,Y,Y,A,1,0,1,1,0,0,0,0,0,0,- ,- ,,,SAN DIEGO,SAN DIEGO,-117.0853195,32.75489044
91359168,2020,12/4/20,9645,11/26/20,2010,16864,,4,2,7,3711,0,1,1,,2,7,I-5 S/B,DEL MAR HEIGHTS ROAD,3960,N,N,A,-,Y,,,5,,,,,,S,Y,3,0,1,2,A,-,7,21658,A,N,C,C,A,A,H,-,D,D,0,,,,,Y,,A,1,0,1,0,0,0,0,0,0,0,- ,- ,32.96482849,-117.2476883,SAN DIEGO,SAN DIEGO,-117.2475739,32.96487427
91359198,2020,12/4/20,9645,11/29/20,130,21697,,7,3,7,3711,0,1,1,,2,10,I-8 W/B TO HOTEL CIRCLE N,SR-163 U/C,2652,W,N,A,-,Y,,,8,,,,R,,W,Y,3,0,1,1,A,-,1,23152,A,N,E,I,A,A,H,-,D,D,0,,,,,Y,Y,A,1,0,1,0,0,0,0,0,0,0,- ,- ,32.76034164,-117.1718216,SAN DIEGO,SAN DIEGO,-117.1718216,32.76034164
91359225,2020,12/4/20,9645,11/30/20,1708,20952,,1,2,7,3711,0,1,3,,2,23,STATE ROUTE 163 (SOUTHBOUND),RICHMOND STREET,400,N,N,A,-,Y,,,163,,,,,,,Y,4,0,1,2,A,-,7,21658,A,N,C,C,A,A,H,-,B,D,0,,,,,Y,,A,7,0,0,1,0,0,0,0,0,0,- ,- ,32.7370491,-117.1560822,SAN DIEGO,SAN DIEGO,-117.156044,32.73705292
91359232,2020,12/4/20,9645,11/30/20,1330,17104,,1,1,7,3711,0,1,3,,2,22,SR-56 E/B,I-15 N/B,70,E,N,A,-,Y,,,,,,,,,,Y,3,0,2,2,A,-,3,22350,,N,C,C,A,A,H,-,A,A,0,,,,,Y,,A,8,0,1,1,0,0,0,0,0,0,- ,- ,32.57529831,-117.0540009,SAN DIEGO,SAN DIEGO,,
91359370,2020,12/4/20,9645,11/29/20,1335,21237,,7,1,7,3711,0,1,1,,2,10,I-8 E/B,I-5,1954,W,N,A,-,Y,,,8,,,,,,E,Y,3,0,1,1,A,-,3,22350,,N,F,A,A,A,H,-,A,D,0,,,Y,,Y,,C,2,0,1,0,0,0,0,0,0,1,- ,- ,32.75880814,-117.2105103,SAN DIEGO,SAN DIEGO,-117.2105103,32.75878525
91359381,2020,12/4/20,9645,11/26/20,1515,21338,,4,2,7,3711,0,1,3,,2,23,SR-163 S/B,MESA COLLEGE DR,1320,S,N,A,-,Y,,,163,,,,,,S,Y,4,0,1,1,A,-,8,22107,,N,E,I,A,A,H,-,A,D,0,,,,,Y,,A,1,0,0,1,0,0,0,0,0,0,- ,- ,32.79698181,-117.157341,SAN DIEGO,SAN DIEGO,-117.1572266,32.79693985
91359411,2020,12/4/20,9645,12/1/20,1550,16137,,2,2,7,3711,0,1,1,,2,15,I-805 SOUTHBOUND,MIRA MESA BLVD U/C,500,N,N,A,-,Y,,,805,,,,,,S,Y,4,0,1,2,A,-,7,21658,A,N,C,C,A,A,H,-,A,D,0,,,,,Y,,A,1,0,0,1,0,0,0,0,0,0,- ,- ,32.90319824,-117.2223969,SAN DIEGO,SAN DIEGO,-117.2226868,32.90290451
91360034,2020,12/7/20,9645,7/6/20,420,21768,,1,3,7,3711,0,1,3,,2,6,STATE ROUTE 94 WESTBOUND,I-5 S/B TO SR-94 E/B O/C,40,W,N,A,-,Y,,,94,,,,,,W,N,1,1,0,2,A,-,11,21954,A,F,G,B,E,A,H,-,D,D,0,Y,,,,Y,,N,60,0,0,0,1,0,0,0,0,0,- ,- ,32.71369171,-117.1470566,SAN DIEGO,SAN DIEGO,-117.1470642,32.71366119
91360109,2020,12/7/20,9645,12/5/20,905,16779,,6,1,7,3711,0,1,1,,2,11,I-805 (N/B),UNIVERSITY AVE,528,S,N,A,-,Y,,,805,,,,,,,N,3,0,1,2,A,-,8,22107,,N,B,C,A,A,H,-,A,D,0,,,,,Y,,A,1,0,1,0,0,0,0,0,0,0,- ,- ,32.74129105,-117.1163712,SAN DIEGO,SAN DIEGO,-117.1164093,32.74126434
91360269,2020,12/7/20,9645,1/18/20,314,19678,,6,3,7,3711,0,1,1,,2,10,INTERSTATE-8 W/B TO STATE ROUTE-163 S/B,STATE ROUTE-163,40,E,N,A,-,Y,,,8,,,,R,,W,Y,1,2,3,1,A,-,1,23152,A,N,E,I,A,A,H,-,C,D,0,,,,,Y,Y,A,1,3,0,0,0,0,0,0,0,0,- ,- ,32.76285934,-117.1638412,SAN DIEGO,SAN DIEGO,-117.1638412,32.76285934
91360291,2020,12/7/20,9645,11/8/20,850,16976,,7,1,7,3711,0,1,3,,2,2,SR-905 EB  TO I-805 NB,I-805 N/B,500,E,N,B,C,Y,,,905,,,,R,,E,Y,4,0,1,1,A,-,3,22350,,N,E,I,A,B,H,-,A,D,0,,,,,Y,,A,1,0,0,1,0,0,0,0,0,0,- ,- ,32.5668602,-117.0395203,SAN DIEGO,SAN DIEGO,-117.0395203,32.5668602
91360399,2020,12/7/20,9645,12/1/20,1628,18697,,2,2,7,3711,0,1,1,,2,21,STATE ROUTE 15 (S/B),ADAMS AVENUE,2850,N,N,A,-,Y,,,15,,,,,,,Y,4,0,1,3,A,-,7,21658,A,F,E,I,A,A,H,-,A,D,0,,,,,Y,,A,1,0,0,1,0,0,0,0,0,0,- ,- ,32.77042007,-117.1128311,SAN DIEGO,SAN DIEGO,-117.112709,32.77045059
91360456,2020,12/7/20,9645,11/27/20,1830,21268,,5,2,7,3711,0,1,1,,2,15,I-805 N/B TO SR-52,SR-52,1584,S,N,A,-,Y,,,,,,,,,,Y,4,0,1,2,A,-,3,22350,,N,C,C,A,A,H,-,C,D,0,,,,,Y,,A,1,0,0,1,0,0,0,0,0,0,- ,- ,32.84790039,-117.1747971,SAN DIEGO,SAN DIEGO,-117.1777878,32.8473587
91360489,2020,12/7/20,9645,11/24/20,1226,18393,,2,1,7,3711,0,1,1,,2,17,I-15 N/B,POWAY RD O/C,639,S,N,A,-,Y,,,15,,,,,,N,Y,4,0,4,3,A,-,3,22350,,N,C,C,A,A,C,-,A,D,0,,,,,Y,,A,1,0,0,4,0,0,0,0,0,0,- ,- ,32.94670105,-117.1068497,SAN DIEGO,SAN DIEGO,-117.1066437,32.94656754
91360508,2020,12/7/20,9645,11/24/20,335,19712,,2,3,7,3711,0,1,3,,2,8,SR-54 E/B,BRIARWOOD OC,2475,E,N,B,-,Y,,,,,,,,,,Y,3,0,1,1,A,-,8,22107,,N,F,A,A,A,H,-,C,D,0,,,,,Y,,D,22,0,1,0,0,0,0,0,0,0,- ,- ,,,SAN DIEGO,SAN DIEGO,,
91360513,2020,12/7/20,9645,11/29/20,1130,19678,,7,1,7,3711,0,1,1,,2,5,I-5 S/B,SEA WORLD DR.,2900,N,N,A,-,Y,,,5,,,,,,S,Y,3,0,2,3,A,-,8,22107,,N,F,A,A,A,H,-,A,D,0,,,Y,,Y,,C,2,0,1,1,0,0,0,0,0,1,- ,- ,32.77780151,-117.2087097,SAN DIEGO,SAN DIEGO,-117.2086868,32.77780151
91360546,2020,12/7/20,9645,11/16/20,1158,17473,,1,1,7,3711,0,1,1,,2,3,I-5 N/B,2ND AVE.,300,S,N,A,-,Y,,,5,,,,,,N,Y,3,0,1,2,A,-,7,21658,A,N,B,C,A,A,H,-,A,D,0,,,,,Y,,A,1,0,1,0,0,0,0,0,0,0,- ,- ,32.7229805,-117.1625519,SAN DIEGO,SAN DIEGO,-117.1625748,32.72291183
91360588,2020,12/7/20,9645,12/2/20,1205,16779,,3,1,7,3711,0,1,3,,2,6,SR-94 (E/B),LEMON GROVE CITY LIMIT SIGN,589,W,N,A,-,Y,,,94,,,,,,,Y,3,0,1,2,A,-,8,22107,,N,B,E,A,A,H,-,A,D,0,,,,,Y,,A,1,0,1,0,0,0,0,0,0,0,- ,- ,32.7328186,-117.0594635,SAN DIEGO,SAN DIEGO,-117.0595551,32.73294067
91360627,2020,4/26/21,9645,11/26/20,1322,17473,,4,1,7,3711,0,1,1,,2,7,I-5 S/B,VIA DE LA VALLE,500,S,N,A,-,Y,,,5,,,,,,S,Y,2,0,1,2,A,-,8,22107,,N,F,A,A,A,H,-,A,D,0,,,,,Y,,A,7,1,0,0,0,0,0,0,0,0,- ,- ,32.97872925,-117.252739,SAN DIEGO,SAN DIEGO,-117.2528,32.97870636
91360966,2020,12/8/20,9645,11/26/20,1909,20265,,4,2,7,3711,0,1,1,,2,9,I-805 N/B,IMPERIAL AVE. O/C,300,S,N,A,-,Y,,,805,,,,,,N,Y,3,0,3,1,A,-,8,22107,,N,F,A,A,A,H,-,C,D,0,,,,,Y,,A,1,0,3,0,0,0,0,0,0,0,- ,- ,32.70149994,-117.094902,SAN DIEGO,SAN DIEGO,-117.0947342,32.70149612
91361080,2020,12/8/20,9645,11/27/20,20,21731,,5,3,7,3711,0,1,1,,2,9,I-805 N/B,MARKET  ST,400,S,N,A,-,Y,,,805,,,,,,N,Y,3,0,1,1,A,-,8,22107,,N,E,I,A,A,H,-,D,D,0,,,,,Y,,A,1,0,1,0,0,0,0,0,0,0,- ,- ,32.70980835,-117.0991669,SAN DIEGO,SAN DIEGO,-117.0990448,32.70993042