CASE_ID,ACCIDENT_YEAR,PROC_DATE,JURIS,COLLISION_DATE,COLLISION_TIME,OFFICER_ID,REPORTING_DISTRICT,DAY_OF_WEEK,CHP_SHIFT,POPULATION,CNTY_CITY_LOC,SPECIAL_COND,BEAT_TYPE,CHP_BEAT_TYPE,CITY_DIVISION_LAPD,CHP_BEAT_CLASS,BEAT_NUMBER,PRIMARY_RD,SECONDARY_RD,DISTANCE,DIRECTION,INTERSECTION,WEATHER_1,WEATHER_2,STATE_HWY_IND,CALTRANS_COUNTY,CALTRANS_DISTRICT,STATE_ROUTE,ROUTE_SUFFIX,POSTMILE_PREFIX,POSTMILE,LOCATION_TYPE,RAMP_INTERSECTION,SIDE_OF_HWY,TOW_AWAY,COLLISION_SEVERITY,NUMBER_KILLED,NUMBER_INJURED,PARTY_COUNT,PRIMARY_COLL_FACTOR,PCF_CODE_OF_VIOL,PCF_VIOL_CATEGORY,PCF_VIOLATION,PCF_VIOL_SUBSECTION,HIT_AND_RUN,TYPE_OF_COLLISION,MVIW,PED_ACTION,ROAD_SURFACE,ROAD_COND_1,ROAD_COND_2,LIGHTING,CONTROL_DEVICE,CHP_ROAD_TYPE,PEDESTRIAN_ACCIDENT,BICYCLE_ACCIDENT,MOTORCYCLE_ACCIDENT,TRUCK_ACCIDENT,NOT_PRIVATE_PROPERTY,ALCOHOL_INVOLVED,STWD_VEHTYPE_AT_FAULT,CHP_VEHTYPE_AT_FAULT,COUNT_SEVERE_INJ,COUNT_VISIBLE_INJ,COUNT_COMPLAINT_PAIN,COUNT_PED_KILLED,COUNT_PED_INJURED,COUNT_BICYCLIST_KILLED,COUNT_BICYCLIST_INJURED,COUNT_MC_KILLED,COUNT_MC_INJURED,PRIMARY_RAMP,SECONDARY_RAMP,LATITUDE,LONGITUDE,COUNTY,CITY,POINT_X,POINT_Y
9159497,2020,12/17/20,3711,10/5/20,1640,SD7803,,1,5,7,3711,0,0,0,,0,832,43RD ST,ORANGE AV,0,,Y,A,-,N,,,,,,,,,,N,4,0,2,2,A,-,8,22107,,N,B,C,A,A,H,-,A,D,0,,,,,Y,,A,1,0,0,2,0,0,0,0,0,0,- ,- ,,,SAN DIEGO,SAN DIEGO,-117.1019287,32.75317001
9159498,2020,12/17/20,3711,10/5/20,1758,SD7867,,1,5,7,3711,0,0,0,,0,624,NORMAL ST,POLK AV,0,,Y,A,-,N,,,,,,,,,,N,3,0,1,2,A,-,11,21456,B,N,B,B,B,A,H,-,A,A,0,Y,,,,Y,,N,60,0,1,0,0,1,0,0,0,0,- ,- ,,,SAN DIEGO,SAN DIEGO,-117.147522,32.7527504
9159499,2020,12/22/20,3711,10/5/20,1805,SD7779,,1,5,7,3711,0,0,0,,0,124,TORREY PINES RD,PARK ROW,0,,Y,A,-,N,,,,,,,,,,N,3,0,1,2,A,-,9,21800,A,N,D,C,A,A,H,-,A,A,0,,,,,Y,,A,1,0,1,0,0,0,0,0,0,0,- ,- ,,,SAN DIEGO,SAN DIEGO,-117.2696533,32.84506989
9159500,2020,12/17/20,3711,10/5/20,1909,SD7592,,1,5,7,3711,0,0,0,,0,113,CLAIREMONT MESA BL,CLAIREMONT DR,0,,Y,A,-,N,,,,,,,,,,N,3,0,1,2,A,-,9,21453,C,N,H,A,A,A,H,-,C,A,0,,,Y,,Y,,A,7,0,1,0,0,0,0,0,0,1,- ,- ,,,SAN DIEGO,SAN DIEGO,-117.2061539,32.8277092
9159503,2020,12/17/20,3711,10/5/20,1855,SD7952,,1,5,7,3711,0,0,0,,0,721,CORONADO AV,ATWATER ST,0,,Y,-,-,N,,,,,,,,,,Y,3,0,1,3,A,-,7,21658,A,N,C,E,A,A,H,-,C,D,0,,,,,Y,Y,A,1,0,1,0,0,0,0,0,0,0,- ,- ,,,SAN DIEGO,SAN DIEGO,-117.0995712,32.57649994
9159514,2020,12/17/20,3711,10/1/20,1344,SD7490,,4,5,7,3711,0,0,0,,0,122,FOOTHILL BL,FOOTHILL BL 4900,0,,-,A,-,N,,,,,,,,,,N,3,0,1,3,A,-,8,22107,,N,B,E,A,A,H,-,A,A,0,,,,,Y,Y,A,1,0,1,0,0,0,0,0,0,0,- ,- ,,,SAN DIEGO,SAN DIEGO,,
9159515,2020,12/17/20,3711,10/1/20,1714,SD7987,,4,5,7,3711,0,0,0,,0,813,LINCOLN AV,32ND ST,0,,Y,A,-,N,,,,,,,,,,Y,4,0,1,3,A,-,8,22107,,N,D,C,A,A,H,-,A,A,0,,,Y,,Y,,A,1,0,0,1,0,0,0,0,0,1,- ,- ,,,SAN DIEGO,SAN DIEGO,-117.1252213,32.75035095
9159516,2020,12/23/20,3711,10/2/20,1724,SD7491,,5,5,7,3711,0,0,0,,0,124,LA JOLLA PKWY,LA JOLLA SCENIC DR,400,E,N,A,-,N,,,,,,,,,,Y,4,0,1,2,B,-,22,,,N,C,C,A,A,H,-,A,D,0,,,,,Y,,A,1,0,0,1,0,0,0,0,0,0,- ,- ,,,SAN DIEGO,SAN DIEGO,-117.2465134,32.84786987
9159517,2020,12/17/20,3711,10/2/20,2120,SD7237,,5,5,7,3711,0,0,0,,0,122,MISSION BAY DR,GRAND AV,0,,Y,B,-,N,,,,,,,,,,N,4,0,1,2,A,-,6,21750,,N,C,C,A,A,H,-,C,A,0,,,Y,,Y,,C,2,0,0,1,0,0,0,0,0,1,- ,- ,,,SAN DIEGO,SAN DIEGO,-117.2152023,32.80184937
9159518,2020,12/17/20,3711,10/2/20,2238,SD6063,,5,5,7,3711,0,0,0,,0,115,TOWNE CENTRE DR,NOBEL DR,0,,Y,A,-,N,,,,,,,,,,N,4,0,1,2,A,-,12,21453,A,M,D,C,A,A,H,-,C,A,0,,,,,Y,,A,7,0,0,1,0,0,0,0,0,0,- ,- ,,,SAN DIEGO,SAN DIEGO,-117.2085037,32.8654213
9159519,2020,12/17/20,3711,10/2/20,828,SD7862,,5,5,7,3711,0,0,0,,0,937,CAMION DEL SUR,GARRETSON ST,0,,Y,A,-,N,,,,,,,,,,N,3,0,1,2,A,-,12,21453,A,N,D,C,A,A,H,-,A,A,0,,,,,Y,,A,1,0,1,0,0,0,0,0,0,0,- ,- ,,,SAN DIEGO,SAN DIEGO,-117.126503,33.02178192
9159520,2020,12/17/20,3711,10/3/20,953,SD7351,,6,5,7,3711,0,0,0,,0,814,ADAMS AV,CHEROKEE ST 4700,0,,Y,A,-,N,,,,,,,,,,N,3,0,1,2,A,-,10,21950,A,N,G,B,B,A,-,-,A,A,0,Y,,,,Y,,A,1,0,1,0,0,1,0,0,0,0,- ,- ,,,SAN DIEGO,SAN DIEGO,,
9160084,2020,12/1/20,3711,9/30/20,1408,SD1036,,3,5,7,3711,0,0,0,,0,612,VOLTAIRE ST,CHATSWORTH BL,0,,Y,A,-,N,,,,,,,,,,N,3,0,1,2,A,-,8,22107,,N,D,G,A,A,H,-,A,A,0,,Y,,Y,Y,,F,27,0,1,0,0,0,0,1,0,0,- ,- ,,,SAN DIEGO,SAN DIEGO,-117.2287827,32.73881149
9160804,2020,10/27/20,3711,8/26/20,1836,SD7322,,3,5,7,3711,0,0,0,,0,813,LINCOLN AV,34TH ST,26,E,N,A,-,N,,,,,,,,,,Y,3,0,1,1,A,-,3,22350,,N,F,I,A,A,H,-,B,A,0,,,Y,,Y,,C,2,0,1,0,0,0,0,0,0,1,- ,- ,,,SAN DIEGO,SAN DIEGO,-117.1203842,32.74979401
9160805,2020,10/27/20,3711,8/26/20,1010,SD6564,,3,5,7,3711,0,0,0,,0,627,WASHINGTON ST,8TH AV,0,,Y,A,-,N,,,,,,,,,,Y,3,0,2,2,A,-,12,21453,A,N,D,C,A,A,H,-,A,A,0,,,,,Y,,A,1,0,1,1,0,0,0,0,0,0,- ,- ,,,SAN DIEGO,SAN DIEGO,-117.1574326,32.75014114
9160834,2020,10/26/20,3711,8/9/20,1715,SD7279,,7,5,7,3711,0,0,0,,0,123,WEST MISSION BAY DR,WEST MISSION BAY DR 1300,0,,N,-,-,N,,,,,,,,,,N,3,0,2,5,A,-,4,21703,,N,-,-,A,-,-,-,-,-,0,,,,,Y,,D,22,0,1,1,0,0,0,0,0,0,- ,- ,,,SAN DIEGO,SAN DIEGO,,
9160927,2020,11/20/20,3711,9/17/20,1603,SD7490,,4,5,7,3711,0,0,0,,0,116,MORENA BL,LISTER ST,0,,Y,A,-,N,,,,,,,,,,N,3,0,1,2,A,-,8,22107,,N,B,C,A,A,H,-,A,D,0,,,,,Y,,A,1,0,1,0,0,0,0,0,0,0,- ,- ,,,SAN DIEGO,SAN DIEGO,-117.2064819,32.78601837
9160928,2020,11/20/20,3711,9/17/20,1712,SD5540,,4,5,7,3711,0,0,0,,0,514,19TH ST,IMPERIAL AV,0,,Y,A,-,N,,,,,,,,,,N,4,0,3,2,A,-,8,22100,B,N,D,C,A,A,H,-,A,A,0,,,,,Y,,A,1,0,0,3,0,0,0,0,0,0,- ,- ,,,SAN DIEGO,SAN DIEGO,-117.1466599,32.70626831
9160929,2020,11/20/20,3711,9/17/20,409,SD7046,,4,5,7,3711,0,0,0,,0,315,FRIARS RD,FRAZEE RD,0,,Y,A,-,N,,,,,,,,,,N,4,0,1,1,A,-,8,22107,,N,E,I,A,A,H,-,C,A,0,,,,,Y,,A,1,0,0,1,0,0,0,0,0,0,- ,- ,,,SAN DIEGO,SAN DIEGO,-117.1573868,32.77259827
9160930,2020,11/20/20,3711,9/16/20,942,SD1013,,3,5,7,3711,0,0,0,,0,813,EL CAJON BL,ILLINOIS AV,30,W,N,A,-,N,,,,,,,,,,N,3,0,1,1,A,-,8,22107,,N,E,I,A,A,H,-,A,A,0,,,,,Y,,A,1,0,1,0,0,0,0,0,0,0,- ,- ,,,SAN DIEGO,SAN DIEGO,-117.1278,32.75540924
9160931,2020,11/20/20,3711,9/17/20,1507,SD7101,,4,5,7,3711,0,0,0,,0,827,UNIVERSITY AV,50TH ST,0,,Y,A,-,N,,,,,,,,,,Y,3,0,1,1,A,-,3,22350,,N,E,I,A,B,H,-,A,D,0,,,,,Y,,A,1,0,1,0,0,0,0,0,0,0,- ,- ,,,SAN DIEGO,SAN DIEGO,-117.0869827,32.7493515
9161132,2020,10/9/20,3711,9/17/20,1445,SD7861,,4,5,7,3711,0,0,0,,0,931,MIRA MAR RD,NOBEL DR,0,,Y,A,-,N,,,,,,,,,,N,2,0,1,2,A,-,11,21456,B,N,B,G,A,A,H,-,A,A,0,,Y,,Y,Y,,L,4,1,0,0,0,0,0,1,0,0,- ,- ,,,SAN DIEGO,SAN DIEGO,-117.1911469,32.87651062
9161192,2020,2/1/21,3711,9/21/20,1740,SD8334,,1,5,7,3711,0,0,0,,0,441,T ST,S 45TH ST,0,,Y,A,-,N,,,,,,,,,,Y,4,0,1,2,A,-,12,22450,A,M,D,C,A,A,H,-,A,A,0,,,,,Y,,D,22,0,0,1,0,0,0,0,0,0,- ,- ,,,SAN DIEGO,SAN DIEGO,-117.0980072,32.69865036
9161255,2020,11/25/20,3711,9/23/20,1455,SD6200,,3,5,7,3711,0,0,0,,0,322,GLENROY ST,GLENROY ST 6500,0,,N,A,-,N,,,,,,,,,,N,4,0,1,1,A,-,8,22107,,N,A,I,A,A,H,-,A,D,0,,,,,Y,,D,22,0,0,1,0,0,0,0,0,0,- ,- ,,,SAN DIEGO,SAN DIEGO,,
9161259,2020,11/16/20,3711,9/23/20,642,SD6412,,3,5,7,3711,0,0,0,,0,838,EL CAJON BL,37TH ST,380,E,N,E,-,N,,,,,,,,,,Y,4,0,1,2,A,-,3,22350,,N,C,C,A,A,H,-,A,A,0,,,,,Y,,D,22,0,0,1,0,0,0,0,0,0,- ,- ,,,SAN DIEGO,SAN DIEGO,-117.1124191,32.7552681
9161263,2020,11/25/20,3711,9/24/20,930,SD6774,,4,5,7,3711,0,0,0,,0,618,CORDOVA ST,CARMELO ST,75,N,N,A,-,N,,,,,,,,,,N,3,0,1,2,A,-,10,21950,A,N,G,B,B,A,H,-,A,A,0,Y,,,,Y,,D,22,0,1,0,0,1,0,0,0,0,- ,- ,,,SAN DIEGO,SAN DIEGO,-117.2557373,32.72144699
9161267,2020,11/25/20,3711,9/23/20,1059,SD6774,,3,5,7,3711,0,0,0,,0,313,CONVOY CT,RUFFNER ST,600,W,N,A,-,N,,,,,,,,,,Y,3,0,1,2,A,-,8,22107,,M,C,E,A,A,H,-,A,D,0,,,,,Y,,-,,0,1,0,0,0,0,0,0,0,- ,- ,,,SAN DIEGO,SAN DIEGO,-117.1612091,32.83469391
9161424,2020,1/20/21,3711,9/20/20,2500,SD7828,,7,5,7,3711,0,0,0,,0,111,ASHFORD ST,BALTIC ST,0,,Y,A,-,N,,,,,,,,,,N,3,0,2,2,B,-,22,,,N,C,C,A,A,H,-,D,D,0,,,,,Y,,A,8,0,1,1,0,0,0,0,0,0,- ,- ,,,SAN DIEGO,SAN DIEGO,-117.1599503,32.8057518
9161425,2020,1/20/21,3711,9/20/20,2150,SD8816,,7,5,7,3711,0,0,0,,0,123,SEA WORLD DR,FRIARS RD,126,W,N,A,-,N,,,,,,,,,,Y,4,0,1,1,A,-,8,22107,,N,E,I,A,A,H,-,C,A,0,,,,,Y,Y,A,1,0,0,1,0,0,0,0,0,0,- ,- ,,,SAN DIEGO,SAN DIEGO,-117.2099457,32.76327515
9161426,2020,1/20/21,3711,9/13/20,1115,SD7449,,7,5,7,3711,0,0,0,,0,123,FIESTA ISLAND,FIESTA ISLAND 1700,0,,-,A,-,N,,,,,,,,,,N,3,0,1,1,A,-,3,22350,,N,E,-,A,A,H,-,A,D,0,,Y,,,Y,,L,4,0,1,0,0,0,0,1,0,0,- ,- ,,,SAN DIEGO,SAN DIEGO,,
9161427,2020,1/20/21,3711,9/17/20,1429,SD7796,,4,5,7,3711,0,0,0,,0,611,MIDWAY DR,EAST DR,15,N,N,A,-,N,,,,,,,,,,N,4,0,1,2,B,-,22,,,M,C,C,A,A,H,-,A,A,0,,,,,Y,,-,,0,0,1,0,0,0,0,0,0,- ,- ,,,SAN DIEGO,SAN DIEGO,-117.2094574,32.75040054
9161428,2020,1/20/21,3711,9/18/20,332,SD7952,,5,5,7,3711,0,0,0,,0,721,HALLEY ST,HALLEY CT,0,,Y,A,-,N,,,,,,,,,,Y,4,0,1,3,A,-,7,21658,A,N,A,E,A,A,H,-,C,D,0,,,,,Y,,D,22,0,0,1,0,0,0,0,0,0,- ,- ,,,SAN DIEGO,SAN DIEGO,-117.0954285,32.57167053
9161429,2020,1/20/21,3711,9/18/20,913,SD7668,,5,5,7,3711,0,0,0,,0,232,CAMINO DEL NORTE,PASEO LUCIDO,0,,Y,A,-,N,,,,,,,,,,Y,4,0,2,2,A,-,12,21453,A,N,A,C,A,A,H,-,A,A,0,,,,,Y,,A,1,0,0,2,0,0,0,0,0,0,- ,- ,,,SAN DIEGO,SAN DIEGO,-117.0720978,32.99095917
9161430,2020,1/20/21,3711,9/18/20,1142,SD8447,,5,5,7,3711,0,0,0,,0,721,MAIN ST,FRONTAGE ST,0,,Y,A,-,N,,,,,,,,,,N,4,0,1,2,B,-,22,,,N,E,I,A,A,H,-,A,D,0,,,,,Y,,-,,0,0,1,0,0,0,0,0,0,- ,- ,,,SAN DIEGO,SAN DIEGO,,
9161431,2020,1/20/21,3711,9/18/20,1932,SD6944,,5,5,7,3711,0,0,0,,0,621,GENESEE AV,OSLER ST,0,,Y,A,-,N,,,,,,,,,,N,4,0,1,2,A,-,12,21453,A,N,B,C,A,A,H,-,C,A,0,,,,,Y,,A,1,0,0,1,0,0,0,0,0,0,- ,- ,,,SAN DIEGO,SAN DIEGO,-117.1703186,32.79378128
9161432,2020,1/22/21,3711,9/18/20,2006,SD7605,,5,5,7,3711,0,0,0,,0,614,SUNSET CLIFFS BL,VOLTAIRE ST,15,S,N,A,-,N,,,,,,,,,,N,4,0,1,2,A,-,4,21703,,N,C,C,A,A,H,-,C,A,0,,,,,Y,,A,7,0,0,1,0,0,0,0,0,0,- ,- ,,,SAN DIEGO,SAN DIEGO,-117.2431793,32.74987793
9161433,2020,1/28/21,3711,9/19/20,850,SD7929,,6,5,7,3711,0,0,0,,0,936,RT 56,CAMINO DEL SUR,0,,Y,A,-,Y,SD,11,56,-,-,6.311,R,4,W,N,4,0,1,2,A,-,12,21453,A,N,B,G,A,A,H,-,A,A,0,,Y,,,Y,,A,1,0,0,1,0,0,0,1,0,0,EO,- ,,,SAN DIEGO,SAN DIEGO,-117.1503067,32.95708084
9161434,2020,1/20/21,3711,9/19/20,1800,SD7648,,6,5,7,3711,0,0,0,,0,934,DEL MAR HEIGHTS RD,CARMEL CANYON RD,0,,Y,A,-,N,,,,,,,,,,Y,3,0,2,3,A,-,8,22100,A,N,C,C,A,A,H,-,A,A,0,,,,,Y,,A,1,0,1,1,0,0,0,0,0,0,- ,- ,,,SAN DIEGO,SAN DIEGO,-117.2137909,32.95578003
9161435,2020,1/20/21,3711,9/19/20,1940,SD7869,,6,5,7,3711,0,0,0,,0,326,CAMPANILE DR,MONTEZUMA RD,165,S,N,A,-,N,,,,,,,,,,N,2,0,1,2,A,-,8,22107,,N,D,C,A,A,H,-,B,A,0,,,Y,,Y,Y,A,1,1,0,0,0,0,0,0,0,1,- ,- ,,,SAN DIEGO,SAN DIEGO,-117.0719147,32.77025986
9161436,2020,1/20/21,3711,9/19/20,2215,SD6774,,6,5,7,3711,0,0,0,,0,322,MISSION GORGE RD,MARGERUM AV,10,E,N,A,-,N,,,,,,,,,,Y,3,0,5,2,A,-,9,21453,C,N,D,C,A,A,H,-,C,A,0,,,,,Y,Y,A,1,0,2,3,0,0,0,0,0,0,- ,- ,,,SAN DIEGO,SAN DIEGO,-117.0678864,32.80952072
9161437,2020,1/20/21,3711,9/20/20,1235,SD7699,,7,5,7,3711,0,0,0,,0,725,DENNERY RD,WAL MART DRWY,45,N,N,A,-,N,,,,,,,,,,N,4,0,2,2,A,-,4,21703,,N,C,C,A,A,H,-,A,A,0,,,,,Y,,A,1,0,0,2,0,0,0,0,0,0,- ,- ,,,SAN DIEGO,SAN DIEGO,-117.0330276,32.58129883
9161438,2020,1/20/21,3711,9/20/20,1450,SD8334,,7,5,7,3711,0,0,0,,0,439,DIVISION ST,PARADISE RD,0,,Y,A,-,N,,,,,,,,,,Y,3,0,3,2,A,-,9,21801,A,N,A,C,A,A,H,-,A,D,0,,,,,Y,,A,7,0,2,1,0,0,0,0,0,0,- ,- ,,,SAN DIEGO,SAN DIEGO,-117.0756531,32.69219971
9161460,2020,1/29/21,3711,9/21/20,1139,SD1015,,1,5,7,3711,0,0,0,,0,611,BARNETT AV,MIDWAY DR,57,S,N,A,-,N,,,,,,,,,,N,4,0,1,2,A,-,4,21703,,N,C,C,A,A,H,-,A,A,0,,,,,Y,,A,1,0,0,1,0,0,0,0,0,0,- ,- ,,,SAN DIEGO,SAN DIEGO,-117.1989365,32.74502945
9161461,2020,1/30/21,3711,9/22/20,950,SD7849,,2,5,7,3711,0,0,0,,0,831,EL CAJON BL,CHAMOUNE AV,0,,Y,A,-,N,,,,,,,,,,N,4,0,2,2,A,-,3,22350,,N,C,C,A,A,H,-,A,A,0,,,,,Y,,A,1,0,0,2,0,0,0,0,0,0,- ,- ,,,SAN DIEGO,SAN DIEGO,-117.0969315,32.75540161
9161462,2020,1/30/21,3711,9/22/20,1610,SD7593,,2,5,7,3711,0,0,0,,0,432,IMPERIAL AV,IMPERIAL AV 5500,8,N,N,A,-,N,,,,,,,,,,N,3,0,1,2,A,-,11,21954,A,N,G,B,D,A,H,-,A,D,0,Y,,,,Y,,N,60,0,1,0,0,1,0,0,0,0,- ,- ,,,SAN DIEGO,SAN DIEGO,,
9161463,2020,1/30/21,3711,9/19/20,1843,SD7909,,6,5,7,3711,0,0,0,,0,933,EL CAMINO REAL,EL CAMINO REAL 11910,0,,-,A,-,N,,,,,,,,,,N,3,0,1,2,A,-,9,21804,A,M,G,B,C,A,H,-,B,D,0,Y,,,,Y,,-,,0,1,0,0,1,0,0,0,0,- ,- ,,,SAN DIEGO,SAN DIEGO,,
9161464,2020,1/30/21,3711,9/19/20,1820,SD7617,,6,5,7,3711,0,0,0,,0,516,MARKET ST,MARKET ST 3200,44,S,N,A,-,N,,,,,,,,,,Y,4,0,4,2,A,-,12,21453,A,N,B,C,A,A,H,-,B,A,0,,,,,Y,,A,1,0,0,4,0,0,0,0,0,0,- ,- ,,,SAN DIEGO,SAN DIEGO,,
9161465,2020,1/30/21,3711,9/19/20,2110,SD7838,,6,5,7,3711,0,0,0,,0,122,LAMONT,PACIFIC BEACH DR,0,,-,A,-,N,,,,,,,,,,N,3,0,1,2,D,-,0,,,N,G,G,A,A,H,-,C,-,0,,Y,,,Y,,-,- ,0,1,0,0,0,0,1,0,0,- ,- ,,,SAN DIEGO,SAN DIEGO,-117.2335968,32.79539108
9161466,2020,1/30/21,3711,9/20/20,1712,SD8377,,7,5,7,3711,0,0,0,,0,515,700 28TH ST,2800 G ST,256,N,N,A,-,N,,,,,,,,,,Y,3,0,1,2,A,-,9,21801,A,N,D,C,A,A,H,-,A,D,0,,,,,Y,,A,1,0,1,0,0,0,0,0,0,0,- ,- ,,,SAN DIEGO,SAN DIEGO,,
9161467,2020,1/16/21,3711,9/20/20,1547,SD7984,,7,5,7,3711,0,0,0,,0,122,GRANADA AV,GRAND AV 1251,0,,-,A,-,N,,,,,,,,,,N,3,0,1,1,B,-,22,,,N,H,A,A,A,H,-,A,D,0,,,,,Y,Y,-,,0,1,0,0,0,0,0,0,0,- ,- ,,,SAN DIEGO,SAN DIEGO,,
9161468,2020,1/16/21,3711,9/21/20,1912,SD7656,,1,5,7,3711,0,0,0,,0,712,DAIRY MART RD,SAN YSIDRO BL,0,,Y,-,-,N,,,,,,,,,,Y,3,0,1,2,A,-,3,22350,,N,D,C,A,A,H,-,C,A,0,,,,,Y,Y,A,1,0,1,0,0,0,0,0,0,0,- ,- ,,,SAN DIEGO,SAN DIEGO,-117.0624084,32.55963135
9161469,2020,1/16/21,3711,9/21/20,1938,SD7882,,1,5,7,3711,0,0,0,,0,315,CAMINO DEL RIO S,CAMINO DEL RIO 3455,16,E,N,A,-,N,,,,,,,,,,N,3,0,2,2,A,-,- ,,,N,D,C,A,A,H,-,C,D,0,,,,,Y,,A,1,0,1,1,0,0,0,0,0,0,- ,- ,,,SAN DIEGO,SAN DIEGO,,
9161470,2020,1/16/21,3711,9/21/20,1944,SD7979,,1,5,7,3711,0,0,0,,0,445,MARKET ST,MARKET ST 4800,0,,N,A,-,N,,,,,,,,,,Y,4,0,1,2,C,-,18,,,N,A,C,A,A,H,-,B,D,0,,,,,Y,,-,- ,0,0,1,0,0,0,0,0,0,- ,- ,,,SAN DIEGO,SAN DIEGO,,
9161471,2020,1/16/21,3711,9/15/20,1100,DF8404,,2,5,7,3711,0,0,0,,0,613,W POINT LOMA,SPORTS ARENA BL,0,,Y,-,-,N,,,,,,,,,,N,3,0,1,2,D,-,0,,,M,D,C,A,-,-,-,-,-,0,,,Y,,Y,,-,- ,0,1,0,0,0,0,0,0,1,- ,- ,,,SAN DIEGO,SAN DIEGO,-117.2195129,32.75484085
9161550,2020,10/3/20,3711,7/16/20,1849,SD7935,,4,5,7,3711,0,0,0,,0,122,BALBOA AV,OLNEY ST,0,,Y,A,-,N,,,,,,,,,,N,4,0,1,2,A,-,12,21453,A,N,B,-,A,A,H,-,B,A,0,,,,,Y,,A,1,0,0,1,0,0,0,0,0,0,- ,- ,,,SAN DIEGO,SAN DIEGO,-117.2295914,32.80144119
9161563,2020,10/6/20,3711,7/9/20,1856,SD6686,,4,5,7,3711,0,0,0,,0,326,COLLWOOD BL,MONTEZUMA RD,300,S,N,A,-,N,,,,,,,,,,N,2,0,1,2,A,-,8,22107,,N,D,C,A,A,H,-,A,D,0,,,Y,,Y,,A,1,1,0,0,0,0,0,0,0,1,- ,- ,,,SAN DIEGO,SAN DIEGO,-117.0856476,32.76930618
9161605,2020,10/23/20,3711,8/13/20,120,SD6967,,4,5,7,3711,0,0,0,,0,931,MIRAMAR RD,NOBEL DR,0,,Y,A,-,N,,,,,,,,,,Y,3,0,1,1,A,-,3,22350,,N,E,J,A,A,H,-,C,A,0,,,,,Y,,A,1,0,1,0,0,0,0,0,0,0,- ,- ,,,SAN DIEGO,SAN DIEGO,-117.1911469,32.87651062
9161776,2020,11/19/20,3711,9/21/20,305,SD7713,,1,5,7,3711,0,0,0,,0,931,VALLEY RD,LOPEZ RIDGE WY,20,W,N,A,-,N,,,,,,,,,,Y,4,0,1,1,A,-,8,22107,,N,A,I,A,A,H,-,C,D,0,,,,,Y,,A,7,0,0,1,0,0,0,0,0,0,- ,- ,,,SAN DIEGO,SAN DIEGO,,
9161777,2020,11/19/20,3711,9/22/20,1336,SD6620,,2,5,7,3711,0,0,0,,0,523,K ST,3RD AV,0,,Y,A,-,N,,,,,,,,,,Y,4,0,1,3,A,-,8,22107,,M,C,E,A,A,H,-,A,D,0,,,,,Y,Y,A,1,0,0,1,0,0,0,0,0,0,- ,- ,,,SAN DIEGO,SAN DIEGO,-117.1616974,32.70832062
9161778,2020,11/23/20,3711,9/23/20,930,SD6173,,3,5,7,3711,0,0,0,,0,113,LA JOLLA BL,FORWARD ST,0,,Y,A,-,N,,,,,,,,,,N,4,0,1,2,A,-,3,22350,,M,C,C,A,A,H,-,A,A,0,,,,,Y,,A,1,0,0,1,0,0,0,0,0,0,- ,- ,,,SAN DIEGO,SAN DIEGO,,
9161779,2020,11/19/20,3711,9/23/20,1000,SD7687,,3,5,7,3711,0,0,0,,0,115,NOBEL DR,NOBEL DR 4260,0,,Y,-,-,N,,,,,,,,,,N,4,0,1,2,B,-,22,,,N,-,-,-,-,-,-,-,-,0,Y,,,,Y,,N,60,0,0,1,0,1,0,0,0,0,- ,- ,,,SAN DIEGO,SAN DIEGO,,
9161780,2020,11/19/20,3711,9/24/20,1239,SD7708,,4,5,7,3711,0,0,0,,0,622,MORENA BL,LINDA VISTA RD,0,,Y,A,-,N,,,,,,,,,,N,3,0,3,2,A,-,12,21453,A,N,A,C,A,A,H,-,A,A,0,,,,,Y,,A,1,0,2,1,0,0,0,0,0,0,- ,- ,,,SAN DIEGO,SAN DIEGO,-117.1978378,32.76448822
9161781,2020,11/20/20,3711,9/24/20,1812,SD5690,,4,5,7,3711,0,0,0,,0,242,MIRA MESA BL,TARGET DRIVEWAY,0,,Y,A,-,N,,,,,,,,,,Y,4,0,1,2,A,-,12,21453,A,N,D,D,A,A,H,-,A,A,0,,,,,Y,Y,A,1,0,0,1,0,0,0,0,0,0,- ,- ,,,SAN DIEGO,SAN DIEGO,,
9161782,2020,11/20/20,3711,9/24/20,2048,SD6986,,4,5,7,3711,0,0,0,,0,825,ALDINE DR,FAIRMOUNT AV,0,,Y,A,-,N,,,,,,,,,,Y,4,0,1,2,A,-,12,22450,A,M,D,C,A,A,H,-,C,D,0,,,,,Y,,-,,0,0,1,0,0,0,0,0,0,- ,- ,,,SAN DIEGO,SAN DIEGO,-117.0974808,32.76279068
9161783,2020,11/19/20,3711,9/23/20,1702,SD6856,,3,5,7,3711,0,0,0,,0,614,SUNSET CLIFFS BL,WEST POINT LOMA BL,250,N,N,A,-,N,,,,,,,,,,Y,3,0,4,2,A,-,4,21703,,N,C,C,A,A,H,-,A,A,0,,,,,Y,,A,8,0,1,3,0,0,0,0,0,0,- ,- ,,,SAN DIEGO,SAN DIEGO,-117.2417908,32.75149155
9161784,2020,11/19/20,3711,9/24/20,1830,SD7821,,4,5,7,3711,0,0,0,,0,813,LOUISIANA ST,LANDIS ST,0,,Y,A,-,N,,,,,,,,,,N,3,0,1,2,A,-,10,21950,A,F,B,B,B,A,H,-,C,A,0,Y,,,,Y,,-,,0,1,0,0,1,0,0,0,0,- ,- ,,,SAN DIEGO,SAN DIEGO,-117.1400528,32.74560165
9161785,2020,11/19/20,3711,9/23/20,1121,SD1065,,3,5,7,3711,0,0,0,,0,627,PENNSYLVANIA AV,6TH AV,0,,Y,A,-,N,,,,,,,,,,N,3,0,1,2,A,-,12,21453,A,F,D,D,A,A,H,-,A,A,0,,,,,Y,,-,,0,1,0,0,0,0,0,0,0,- ,- ,,,SAN DIEGO,SAN DIEGO,-117.1595688,32.74512863