CASE_ID,ACCIDENT_YEAR,PROC_DATE,JURIS,COLLISION_DATE,COLLISION_TIME,OFFICER_ID,REPORTING_DISTRICT,DAY_OF_WEEK,CHP_SHIFT,POPULATION,CNTY_CITY_LOC,SPECIAL_COND,BEAT_TYPE,CHP_BEAT_TYPE,CITY_DIVISION_LAPD,CHP_BEAT_CLASS,BEAT_NUMBER,PRIMARY_RD,SECONDARY_RD,DISTANCE,DIRECTION,INTERSECTION,WEATHER_1,WEATHER_2,STATE_HWY_IND,CALTRANS_COUNTY,CALTRANS_DISTRICT,STATE_ROUTE,ROUTE_SUFFIX,POSTMILE_PREFIX,POSTMILE,LOCATION_TYPE,RAMP_INTERSECTION,SIDE_OF_HWY,TOW_AWAY,COLLISION_SEVERITY,NUMBER_KILLED,NUMBER_INJURED,PARTY_COUNT,PRIMARY_COLL_FACTOR,PCF_CODE_OF_VIOL,PCF_VIOL_CATEGORY,PCF_VIOLATION,PCF_VIOL_SUBSECTION,HIT_AND_RUN,TYPE_OF_COLLISION,MVIW,PED_ACTION,ROAD_SURFACE,ROAD_COND_1,ROAD_COND_2,LIGHTING,CONTROL_DEVICE,CHP_ROAD_TYPE,PEDESTRIAN_ACCIDENT,BICYCLE_ACCIDENT,MOTORCYCLE_ACCIDENT,TRUCK_ACCIDENT,NOT_PRIVATE_PROPERTY,ALCOHOL_INVOLVED,STWD_VEHTYPE_AT_FAULT,CHP_VEHTYPE_AT_FAULT,COUNT_SEVERE_INJ,COUNT_VISIBLE_INJ,COUNT_COMPLAINT_PAIN,COUNT_PED_KILLED,COUNT_PED_INJURED,COUNT_BICYCLIST_KILLED,COUNT_BICYCLIST_INJURED,COUNT_MC_KILLED,COUNT_MC_INJURED,PRIMARY_RAMP,SECONDARY_RAMP,LATITUDE,LONGITUDE,COUNTY,CITY,POINT_X,POINT_Y
9184274,2020,2/20/21,3711,12/23/20,620,SD6774,,3,5,7,3711,0,0,0,,0,623,HOTEL CIRCLE NORTH,FASHION VALLEY RD,431,E,N,B,-,N,,,,,,,,,,Y,4,0,1,2,A,-,8,22100,B,N,D,C,A,A,H,-,C,D,0,,,,,Y,,D,22,0,0,1,0,0,0,0,0,0,- ,- ,,,SAN DIEGO,SAN DIEGO,-117.1678467,32.76144791
9184278,2020,3/5/21,3711,12/19/20,1235,SD6345,,6,5,7,3711,0,0,0,,0,231,POWAY RD,SPRING CANYON DR,0,,Y,-,-,N,,,,,,,,,,Y,4,0,2,3,A,-,- ,,,N,-,-,A,-,-,-,-,-,0,,,,,Y,,A,1,0,0,2,0,0,0,0,0,0,- ,- ,,,SAN DIEGO,SAN DIEGO,,
9184594,2020,2/3/21,3711,11/7/20,1130,SD7201,,6,5,7,3711,0,0,0,,0,312,SANTO RD,ANTIGUA BL,100,N,N,A,-,N,,,,,,,,,,N,3,0,2,2,A,-,3,22350,,N,C,C,A,B,H,-,A,A,0,,,,,Y,,A,1,0,1,1,0,0,0,0,0,0,- ,- ,,,SAN DIEGO,SAN DIEGO,-117.1010742,32.83396149
9184597,2020,2/3/21,3711,11/8/20,1915,SD7476,,7,5,7,3711,0,0,0,,0,521,PARK BL,G ST,0,,Y,A,-,N,,,,,,,,,,N,4,0,1,2,A,-,12,21453,A,N,D,D,A,B,H,-,C,A,0,,,,,Y,,A,1,0,0,1,0,0,0,0,0,0,- ,- ,,,SAN DIEGO,SAN DIEGO,-117.1537628,32.71260834
9184598,2020,2/3/21,3711,11/7/20,2057,SD7401,,6,5,7,3711,0,0,0,,0,833,EUCLID AV,THORN AV,0,,Y,A,-,N,,,,,,,,,,Y,3,0,1,1,A,-,8,22107,,N,E,I,A,A,H,-,C,D,0,,,,,Y,,A,1,0,1,0,0,0,0,0,0,0,- ,- ,,,SAN DIEGO,SAN DIEGO,-117.0923233,32.7403183
9184600,2020,2/3/21,3711,11/8/20,2311,SD7946,,7,5,7,3711,0,0,0,,0,725,OCEAN VIEW HILLS PKWY,LYNDHURST TER,200,E,N,A,-,N,,,,,,,,,,N,2,0,1,2,A,-,9,21804,A,N,C,C,A,A,H,-,C,-,0,,,,,Y,,A,1,1,0,0,0,0,0,0,0,0,- ,- ,,,SAN DIEGO,SAN DIEGO,-117.0268021,32.58272171
9184817,2020,2/3/21,3711,11/7/20,852,SD7975,,6,5,7,3711,0,0,0,,0,123,WEST MISSION BAY DR,INGRAHAM ST,0,,Y,C,-,N,,,,,,,,,,Y,4,0,2,3,A,-,4,21703,,N,C,C,A,B,H,-,A,A,0,,,,,Y,,I,12,0,0,2,0,0,0,0,0,0,- ,- ,,,SAN DIEGO,SAN DIEGO,-117.232811,32.76414108
9184821,2020,2/5/21,3711,11/7/20,731,SD1208,,6,5,7,3711,0,0,0,,0,827,ALTADENA AV,STERLING CT,0,,Y,B,-,N,,,,,,,,,,Y,4,0,1,2,A,-,0,38300,,M,D,C,A,B,H,-,A,-,0,,,,,Y,,D,22,0,0,1,0,0,0,0,0,0,- ,- ,,,SAN DIEGO,SAN DIEGO,-117.0860519,32.74515152
9184997,2020,1/19/21,3711,10/19/20,1941,SD7322,,1,5,7,3711,0,0,0,,0,444,MARKET ST,RT 805,0,,Y,A,-,Y,SD,11,805,-,-,13.378,R,4,S,N,2,0,1,2,A,-,11,21950,B,N,G,B,D,A,H,-,C,A,0,Y,,,,Y,,N,60,1,0,0,0,1,0,0,0,0,- ,SF,,,SAN DIEGO,SAN DIEGO,-117.103035,32.71707916
9185552,2020,2/5/21,3711,11/18/20,1805,SD7952,,3,5,7,3711,0,0,0,,0,722,PALM AV,SATURN BL,0,,Y,A,-,N,,,,,,,,,,Y,4,0,1,3,A,-,3,22350,,N,C,D,A,A,H,-,C,A,0,,,,,Y,,A,1,0,0,1,0,0,0,0,0,0,- ,- ,,,SAN DIEGO,SAN DIEGO,-117.0926285,32.58374023
9185553,2020,2/5/21,3711,11/18/20,1300,SD7639,,3,5,7,3711,0,0,0,,0,431,MARKET ST,MARKET ST 5300,0,,N,A,-,N,,,,,,,,,,N,4,0,1,2,D,-,0,,,M,A,B,-,A,H,-,A,D,0,Y,,,,Y,,-,- ,0,0,1,0,1,0,0,0,0,- ,- ,,,SAN DIEGO,SAN DIEGO,,
9185554,2020,2/5/21,3711,11/18/20,1844,SD7512,,3,5,7,3711,0,0,0,,0,311,AERO DR,KEARNY VILLA RD,50,E,N,A,-,N,,,,,,,,,,Y,4,0,1,2,A,-,3,22350,,N,C,C,A,A,H,-,C,A,0,,,,,Y,,A,1,0,0,1,0,0,0,0,0,0,- ,- ,,,SAN DIEGO,SAN DIEGO,-117.1507797,32.81000137
9185555,2020,2/5/21,3711,11/11/20,2137,SD7777,,3,5,7,3711,0,0,0,,0,834,40TH ST E,40TH ST E 3100,0,,N,A,-,N,,,,,,,,,,Y,3,0,1,2,A,-,1,23152,A,N,B,C,A,A,H,-,C,D,0,,,,,Y,Y,-,,0,1,0,0,0,0,0,0,0,- ,- ,,,SAN DIEGO,SAN DIEGO,,
9185556,2020,2/11/21,3711,11/1/20,1130,SD7296,,7,5,7,3711,0,0,0,,0,838,UNIVERSITY AV,UNIVERSITY AV 3600,0,,N,A,-,N,,,,,,,,,,N,4,0,1,2,A,-,8,22107,,N,A,C,A,A,G,-,A,D,0,,,,,Y,,-,,0,0,1,0,0,0,0,0,0,- ,- ,,,SAN DIEGO,SAN DIEGO,,
9185557,2020,2/5/21,3711,11/4/20,1548,SD7217,,3,5,7,3711,0,0,0,,0,523,4TH AV,MARKET ST,0,,Y,A,-,N,,,,,,,,,,N,3,0,1,2,A,-,12,21453,A,N,D,C,A,A,H,-,A,A,0,,,,,Y,,-,,0,1,0,0,0,0,0,0,0,- ,- ,,,SAN DIEGO,SAN DIEGO,-117.1610565,32.71147156
9185558,2020,2/5/21,3711,11/14/20,1511,SD7550,,6,5,7,3711,0,0,0,,0,838,38TH ST,UNIVERSITY AV,54,S,N,A,-,N,,,,,,,,,,N,3,0,1,2,A,-,21,22106,,M,B,C,A,A,H,-,A,D,0,,,,,Y,,-,99,0,1,0,0,0,0,0,0,0,- ,- ,,,SAN DIEGO,SAN DIEGO,-117.1118927,32.74955368
9185559,2020,2/5/21,3711,11/15/20,1317,SD7450,,7,5,7,3711,0,0,0,,0,524,11TH AV,BROADWAY,0,,Y,A,-,N,,,,,,,,,,N,4,0,1,2,A,-,3,22350,,N,C,C,A,A,H,-,A,A,0,,,,,Y,,A,8,0,0,1,0,0,0,0,0,0,- ,- ,,,SAN DIEGO,SAN DIEGO,-117.1547318,32.7157402
9185560,2020,2/5/21,3711,11/15/20,2200,SD6917,,7,5,7,3711,0,0,0,,0,524,W C ST,STATE ST,0,,Y,A,-,N,,,,,,,,,,N,3,0,1,1,A,-,3,22350,,N,H,A,A,A,H,-,C,A,0,,,,,Y,Y,-,,0,1,0,0,0,0,0,0,0,- ,- ,,,SAN DIEGO,SAN DIEGO,-117.1664963,32.71665192
9185561,2020,2/5/21,3711,11/16/20,1000,SD1169,,1,5,7,3711,0,0,0,,0,821,COLLEGE AV,COLLEGE AV 4627,0,,N,A,-,N,,,,,,,,,,N,3,0,1,2,A,-,8,22107,,M,B,B,F,A,H,-,A,D,0,Y,,,,Y,,-,,0,1,0,0,1,0,0,0,0,- ,- ,,,SAN DIEGO,SAN DIEGO,,
9185562,2020,2/5/21,3711,11/14/20,1550,SD8861,,6,5,7,3711,0,0,0,,0,521,CLAIREMONT CT,CLAIREMONT DR 2700,0,,N,A,-,N,,,,,,,,,,N,4,0,1,2,A,-,8,22107,,M,B,C,A,A,H,-,A,D,0,,,,,Y,,-,99,0,0,1,0,0,0,0,0,0,- ,- ,,,SAN DIEGO,SAN DIEGO,,
9185563,2020,2/5/21,3711,11/17/20,1758,SD7871,,2,5,7,3711,0,0,0,,0,821,EL CAJON BL,70TH ST,6,N,N,A,-,N,,,,,,,,,,N,4,0,1,2,-,C,- ,,,N,G,B,B,A,H,-,C,D,0,Y,,,,Y,Y,-,- ,0,0,1,0,1,0,0,0,0,- ,- ,,,SAN DIEGO,SAN DIEGO,-117.047081,32.76869965
9185564,2020,2/9/21,3711,11/17/20,418,SD6011,,2,5,7,3711,0,0,0,,0,123,SEA WORLD DR,PACIFIC COAST HWY,0,,Y,A,-,N,,,,,,,,,,N,2,0,1,2,A,-,8,22107,,N,D,C,A,A,H,-,A,A,0,,,Y,,Y,,A,1,1,0,0,0,0,0,0,0,1,- ,- ,,,SAN DIEGO,SAN DIEGO,,
9185565,2020,2/11/21,3711,11/16/20,640,SD7972,,1,5,7,3711,0,0,0,,0,321,ZION AV,MISSION GORGE RD,200,E,N,A,-,N,,,,,,,,,,N,4,0,1,2,A,-,5,21651,A,N,D,C,A,A,H,-,A,D,0,,,Y,,Y,,A,1,0,0,1,0,0,0,0,0,1,- ,- ,,,SAN DIEGO,SAN DIEGO,-117.0969315,32.79294968
9185566,2020,2/11/21,3711,11/16/20,1708,SD6067,,1,5,7,3711,0,0,0,,0,243,ARJONS DR,CABOT DR,0,,Y,A,-,N,,,,,,,,,,Y,4,0,1,3,A,-,8,22107,,N,A,C,A,A,H,-,C,A,0,,,,,Y,,A,1,0,0,1,0,0,0,0,0,0,- ,- ,,,SAN DIEGO,SAN DIEGO,-117.1439209,32.89445114
9185568,2020,2/9/21,3711,11/16/20,1025,SD1024,,1,5,7,3711,0,0,0,,0,115,GOVERNOR DR R,REGENTS RD,0,,Y,A,-,Y,,,,,,,,,,Y,4,0,1,2,A,-,9,21801,A,N,A,C,A,A,H,-,A,A,0,,,,,Y,,A,1,0,0,1,0,0,0,0,0,0,- ,- ,,,SAN DIEGO,SAN DIEGO,,
9185569,2020,2/9/21,3711,11/14/20,1315,SD7700,,6,5,7,3711,0,0,0,,0,446,S WILLIE JAMES JONES AV,FRANKLIN AV,0,,Y,A,-,N,,,,,,,,,,N,4,0,1,2,A,-,- ,,,N,B,C,A,-,H,-,A,D,0,,,,,Y,,A,1,0,0,1,0,0,0,0,0,0,- ,- ,,,SAN DIEGO,SAN DIEGO,-117.0882874,32.70230103
9185651,2020,2/8/21,3711,11/13/20,745,SD6104,,5,5,7,3711,0,0,0,,0,832,EL CAJON BL,COPLEAND AV,0,,Y,A,-,N,,,,,,,,,,N,4,0,2,2,A,-,12,21453,A,N,D,C,A,A,H,-,A,A,0,,,,,Y,,D,22,0,0,2,0,0,0,0,0,0,- ,- ,,,SAN DIEGO,SAN DIEGO,-117.1040421,32.75521088
9185655,2020,2/3/21,3711,11/11/20,920,SD5454,,3,5,7,3711,0,0,0,,0,832,EL CAJON BL,48TH ST,0,,Y,A,-,N,,,,,,,,,,N,3,0,2,2,A,-,9,21802,A,N,D,C,A,A,H,-,A,A,0,,,,,Y,,D,22,0,1,1,0,0,0,0,0,0,- ,- ,,,SAN DIEGO,SAN DIEGO,-117.0911407,32.75621033
9185659,2020,2/5/21,3711,11/13/20,654,SD7233,,5,5,7,3711,0,0,0,,0,321,MISSION GORGE RD,PRINCESS VIEW DR,852,W,N,B,-,N,,,,,,,,,,Y,4,0,1,2,A,-,3,22350,,N,D,C,A,A,H,-,A,D,0,,,,,Y,,D,22,0,0,1,0,0,0,0,0,0,- ,- ,,,SAN DIEGO,SAN DIEGO,-117.0814438,32.80570984
9185663,2020,2/9/21,3711,11/17/20,1438,SD7985,,2,5,7,3711,0,0,0,,0,313,COPLEY DR,HICKMAN FIELD DR,158,E,N,A,-,N,,,,,,,,,,Y,3,0,1,2,A,-,9,21801,A,N,D,C,A,A,H,-,A,D,0,,,,Y,Y,,F,26,0,1,0,0,0,0,0,0,0,- ,- ,,,SAN DIEGO,SAN DIEGO,-117.1670303,32.84015274
9185772,2020,2/20/21,3711,11/9/20,825,SD6946,,1,5,7,3711,0,0,0,,0,242,MIRA MESA BL,WESTMORE RD,0,,Y,A,-,N,,,,,,,,,,Y,4,0,1,2,-,-,- ,,,N,D,C,A,A,H,-,A,A,0,,,,,Y,,-,- ,0,0,1,0,0,0,0,0,0,- ,- ,,,SAN DIEGO,SAN DIEGO,-117.1299667,32.91621017
9185773,2020,2/20/21,3711,11/10/20,2138,SD1269,,2,5,7,3711,0,0,0,,0,832,FAIRMOUNT AV,ORANGE AV,10,N,N,A,-,N,,,,,,,,,,N,2,0,1,2,A,-,10,21950,A,N,G,B,B,A,H,-,C,A,0,Y,,,,Y,,A,1,1,0,0,0,1,0,0,0,0,- ,- ,,,SAN DIEGO,SAN DIEGO,-117.1008606,32.75319672
9185774,2020,2/20/21,3711,11/11/20,700,SD7990,,3,5,7,3711,0,0,0,,0,525,STATE ST,BROADWAY,0,,Y,A,-,N,,,,,,,,,,N,4,0,1,2,A,-,5,21651,A,N,D,C,A,A,H,-,A,D,0,,,,,Y,,A,1,0,0,1,0,0,0,0,0,0,- ,- ,,,SAN DIEGO,SAN DIEGO,-117.1664963,32.71575928
9185775,2020,2/20/21,3711,11/11/20,1619,SD5718,,3,5,7,3711,0,0,0,,0,234,RANCH BERNARDO RD,RANCHO BERNARDO RD 11400,0,,-,A,-,N,,,,,,,,,,Y,4,0,2,2,A,-,4,21703,,N,C,C,A,A,H,-,B,D,0,,,,,Y,,A,1,0,0,2,0,0,0,0,0,0,- ,- ,,,SAN DIEGO,SAN DIEGO,,
9185776,2020,2/20/21,3711,11/10/20,2212,SD7743,,2,5,7,3711,0,0,0,,0,813,UNIVERSITY AV,30TH ST,0,,Y,A,-,N,,,,,,,,,,N,3,0,1,2,A,-,9,21800,A,N,G,B,B,A,H,-,C,A,0,Y,,,,Y,,-,,0,1,0,0,1,0,0,0,0,- ,- ,,,SAN DIEGO,SAN DIEGO,-117.1301117,32.74845123
9185777,2020,2/20/21,3711,11/10/20,742,SD1121,,2,5,7,3711,0,0,0,,0,315,CAMINO DEL RIO S,CAMINO DEL RIO S 901,0,,-,A,-,N,,,,,,,,,,Y,4,0,1,2,A,-,3,22350,,N,B,C,A,A,H,-,A,D,0,,,,,Y,,A,1,0,0,1,0,0,0,0,0,0,- ,- ,,,SAN DIEGO,SAN DIEGO,,
9185778,2020,2/20/21,3711,11/10/20,825,SD1232,,2,5,7,3711,0,0,0,,0,723,PALM AV,FIRETHORN ST,153,E,N,A,-,N,,,,,,,,,,N,3,0,1,2,A,-,9,21800,A,N,A,C,A,A,H,-,A,D,0,,,Y,,Y,,A,1,0,1,0,0,0,0,0,0,1,- ,- ,,,SAN DIEGO,SAN DIEGO,-117.0398026,32.58374023
9185779,2020,2/20/21,3711,11/9/20,910,SD7659,,1,5,7,3711,0,0,0,,0,827,54TH ST,UNIVERSITY AV,0,,-,A,-,N,,,,,,,,,,N,4,0,1,2,A,-,3,22350,,N,C,C,A,A,H,-,A,A,0,,,,,Y,,A,1,0,0,1,0,0,0,0,0,0,- ,- ,,,SAN DIEGO,SAN DIEGO,-117.079483,32.74879074
9185780,2020,2/20/21,3711,11/4/20,1830,SD8377,,3,5,7,3711,0,0,0,,0,521,G ST,15TH ST,0,,N,-,-,N,,,,,,,,,,N,3,0,1,2,A,-,10,21950,A,M,G,B,B,-,-,-,-,-,0,Y,,,,Y,,-,99,0,1,0,0,1,0,0,0,0,- ,- ,,,SAN DIEGO,SAN DIEGO,-117.150383,32.71261978
9185781,2020,2/5/21,3711,11/9/20,1516,SD7902,,1,5,7,3711,0,0,0,,0,441,MARKETPLACE AV,OCEANVIEW BL,0,,Y,A,-,N,,,,,,,,,,N,4,0,1,2,A,-,3,22350,,N,C,B,E,A,H,-,A,D,0,Y,,,,Y,,A,1,0,0,1,0,1,0,0,0,0,- ,- ,,,SAN DIEGO,SAN DIEGO,-117.1008835,32.70055008
9185782,2020,2/5/21,3711,11/9/20,2029,SD7224,,1,5,7,3711,0,0,0,,0,623,CLEVELAND AV,VAN BUREN AV,253,N,N,A,-,N,,,,,,,,,,N,4,0,1,3,A,-,7,21658,A,N,B,E,A,A,H,-,E,D,0,,,,,Y,Y,A,1,0,0,1,0,0,0,0,0,0,- ,- ,,,SAN DIEGO,SAN DIEGO,-117.1500015,32.75599289
9185783,2020,2/5/21,3711,11/7/20,2247,SD6967,,6,5,7,3711,0,0,0,,0,312,TIERRASANTA BL,ESPLENDENTE BL,4,E,N,A,-,N,,,,,,,,,,N,2,0,1,2,A,-,11,21456,B,F,G,B,B,B,H,-,C,A,0,Y,,,,Y,,N,60,1,0,0,0,1,0,0,0,0,- ,- ,,,SAN DIEGO,SAN DIEGO,-117.1011047,32.82303619
9185784,2020,2/5/21,3711,11/9/20,1758,SD7656,,1,5,7,3711,0,0,0,,0,999,RT 905,TOCAYO AV,0,,Y,A,-,N,,,,,,,,,,N,4,0,1,2,A,-,7,21658,A,N,B,C,A,A,H,-,C,D,0,,,Y,,Y,,A,1,0,0,1,0,0,0,0,0,1,- ,- ,,,SAN DIEGO,SAN DIEGO,-117.0791092,32.56439972
9185785,2020,2/5/21,3711,11/1/20,740,SD1155,,7,5,7,3711,0,0,0,,0,442,S 41ST,NATIONAL AV,0,,Y,A,-,N,,,,,,,,,,N,3,0,1,2,A,-,10,21950,,N,G,B,B,A,H,-,A,A,0,Y,,,,Y,,A,1,0,1,0,0,1,0,0,0,0,- ,- ,,,SAN DIEGO,SAN DIEGO,-117.1060333,32.6960907
9185786,2020,2/5/21,3711,11/9/20,2030,SD6513,,1,5,7,3711,0,0,0,,0,721,PALM AVE,SATURN BL,565,E,N,A,-,N,,,,,,,,,,Y,4,0,1,2,A,-,8,22107,,M,C,C,A,A,H,-,C,D,0,,,,,Y,,A,1,0,0,1,0,0,0,0,0,0,- ,- ,,,SAN DIEGO,SAN DIEGO,-117.0908051,32.58376694
9186081,2020,2/2/21,3711,11/12/20,1932,SD1144,,4,5,7,3711,0,0,0,,0,516,MARKET ST,33RD ST,0,,Y,A,-,N,,,,,,,,,,Y,4,0,3,2,A,-,9,21802,A,N,D,C,A,A,H,-,C,D,0,,,,,Y,,A,1,0,0,3,0,0,0,0,0,0,- ,- ,,,SAN DIEGO,SAN DIEGO,-117.1231384,32.71176147
9186082,2020,2/2/21,3711,11/12/20,1505,SD6282,,4,5,7,3711,0,0,0,,0,811,32ND ST,ADAMS AV,0,,Y,A,-,N,,,,,,,,,,N,4,0,1,2,A,-,8,22107,,N,B,C,A,A,H,-,A,A,0,,,,,Y,,A,1,0,0,1,0,0,0,0,0,0,- ,- ,,,SAN DIEGO,SAN DIEGO,-117.1249695,32.76337051
9186083,2020,2/2/21,3711,11/12/20,759,SD7473,,4,5,7,3711,0,0,0,,0,437,SOUTH WOODMAN ST,ALSACIA ST,0,,Y,A,-,N,,,,,,,,,,Y,4,0,1,2,A,-,9,21453,C,N,D,C,A,A,H,-,A,A,0,,,,,Y,,A,1,0,0,1,0,0,0,0,0,0,- ,- ,,,SAN DIEGO,SAN DIEGO,-117.0431976,32.68294144
9186084,2020,2/2/21,3711,11/9/20,842,SD5589,,1,5,7,3711,0,0,0,,0,511,28TH ST,BOSTON AV,0,,Y,A,-,N,,,,,,,,,,N,4,0,1,2,A,-,5,21651,A,N,D,C,A,A,H,-,A,D,0,,,,,Y,,A,1,0,0,1,0,0,0,0,0,0,- ,- ,,,SAN DIEGO,SAN DIEGO,-117.1337738,32.69385147
9186085,2020,2/2/21,3711,11/12/20,1430,SD1213,,4,5,7,3711,0,0,0,,0,323,COLLEGE AV,ROCKHURST DR,12,S,N,A,-,N,,,,,,,,,,Y,4,0,2,2,A,-,9,21800,A,N,D,C,A,A,H,-,A,A,0,,,,,Y,,A,1,0,0,2,0,0,0,0,0,0,- ,- ,,,SAN DIEGO,SAN DIEGO,-117.0628281,32.78536224
9186086,2020,2/2/21,3711,11/3/20,1557,SD1189,,2,5,7,3711,0,0,0,,0,611,CHANNEL WY,3500 CHANNEL WY,0,,Y,A,-,N,,,,,,,,,,N,4,0,1,2,A,-,8,22107,,N,D,C,A,A,H,-,A,D,0,,,,,Y,,A,1,0,0,1,0,0,0,0,0,0,- ,- ,,,SAN DIEGO,SAN DIEGO,,
9186087,2020,2/2/21,3711,11/5/20,1812,SD1183,,4,5,7,3711,0,0,0,,0,529,4TH AVE,HAWTHORN ST,0,,Y,A,-,,,,,,,,,,,Y,4,0,1,2,A,-,9,21802,A,N,F,A,A,A,H,-,C,A,0,,,,,Y,,-,,0,0,1,0,0,0,0,0,0,- ,- ,,,SAN DIEGO,SAN DIEGO,-117.1611481,32.72718048
9186088,2020,2/2/21,3711,11/7/20,1308,SD1166,,6,5,7,3711,0,0,0,,0,628,WASHINGTON PL,IBIS ST,0,,Y,C,-,N,,,,,,,,,,N,4,0,1,2,A,-,21,22106,,N,D,C,A,B,G,-,A,-,0,,,,,Y,,A,1,0,0,1,0,0,0,0,0,0,- ,- ,,,SAN DIEGO,SAN DIEGO,-117.1731873,32.7498703
9186106,2020,1/6/21,3711,10/31/20,1110,SD7600,,6,5,7,3711,0,0,0,,0,113,MORENA BL,AVATI DR,800,N,N,A,-,N,,,,,,,,,,N,3,0,1,2,A,-,21,22106,,N,-,C,A,A,H,-,A,D,0,,,Y,,Y,,C,2,0,1,0,0,0,0,0,0,1,- ,- ,,,SAN DIEGO,SAN DIEGO,-117.219223,32.81542206
9186445,2020,12/7/20,3711,7/9/20,155,SD7412,,4,5,7,3711,0,0,0,,0,2466,SCRIPPS POWAY PKWY,RT 15,6,W,N,A,-,Y,SD,11,15,-,M,17.118,R,4,N,Y,4,0,1,2,-,-,- ,,A,N,D,C,A,A,H,-,A,A,0,,,,,Y,,A,1,0,0,1,0,0,0,0,0,0,- ,NF,,,SAN DIEGO,SAN DIEGO,-117.1119308,32.93395615
9186880,2020,2/5/21,3711,11/3/20,1342,HB4531,,2,5,7,3711,0,0,0,,0,503,HARBOR ISLAND DR,STREETLIGHT NUMBER HI48,86,W,N,A,-,N,,,,,,,,,,Y,3,0,1,1,C,-,18,,,N,F,J,A,A,H,-,A,B,0,,,Y,,Y,,-,- ,0,1,0,0,0,0,0,0,1,- ,- ,,,SAN DIEGO,SAN DIEGO,,
9188112,2020,1/6/21,3711,10/17/20,2253,HB5712,,6,5,7,3711,0,0,0,,0,504,NORTH HARBOR DR,W FGRAPE ST,46,N,N,A,-,N,,,,,,,,,,N,2,0,1,1,B,-,22,,,N,H,A,A,-,H,-,C,D,0,,,Y,,Y,Y,C,2,1,0,0,0,0,0,0,0,1,- ,- ,,,SAN DIEGO,SAN DIEGO,-117.1731033,32.7242775
9188113,2020,1/25/21,3711,10/16/20,32,HB5938,,5,5,7,3711,0,0,0,,0,504,NORTH HARBOR DR,W HAWTHORNE ST,0,,Y,E,-,N,,,,,,,,,,Y,3,0,1,1,A,-,3,22350,,N,A,I,A,A,H,-,C,A,0,,,,,Y,,A,1,0,1,0,0,0,0,0,0,0,- ,- ,,,SAN DIEGO,SAN DIEGO,-117.1735001,32.7251091
9188141,2020,12/7/20,3711,9/20/20,1709,HB6268,,7,5,7,3711,0,0,0,,0,503,SHELTER ISLAND DR,ANCHORAGE LN,1486,S,N,A,-,N,,,,,,,,,,N,3,0,1,2,A,-,8,22102,,N,D,C,A,A,H,-,A,D,0,,,,,Y,,A,1,0,1,0,0,0,0,0,0,0,- ,- ,,,SAN DIEGO,SAN DIEGO,-117.2236633,32.71821976
9188572,2020,2/3/21,3711,11/15/20,1816,SD5958,,7,5,7,3711,0,0,0,,0,242,MIRA MESA BL,CAMINO RUIZ,0,,-,A,-,N,,,,,,,,,,N,4,0,2,2,A,-,5,21460,A,N,D,C,A,A,H,-,C,A,0,,,,,Y,,A,1,0,0,2,0,0,0,0,0,0,- ,- ,,,SAN DIEGO,SAN DIEGO,-117.1439972,32.91281891
9188574,2020,2/3/21,3711,11/15/20,2058,SD7979,,7,5,7,3711,0,0,0,,0,437,PARADISE VALLEY RD,WOODMAN ST,0,,Y,A,-,N,,,,,,,,,,Y,4,0,1,2,A,-,8,22107,,N,B,C,A,A,H,-,C,A,0,,,,,Y,,A,1,0,0,1,0,0,0,0,0,0,- ,- ,,,SAN DIEGO,SAN DIEGO,-117.0464935,32.6889801
9188577,2020,2/3/21,3711,11/15/20,1805,SD5813,,7,5,7,3711,0,0,0,,0,111,CLAIREMONT MESA BL,LIMERICK AV,950,W,N,A,-,N,,,,,,,,,,Y,4,0,1,2,A,-,3,22350,,N,C,C,A,A,H,-,C,D,0,,,,,Y,,A,1,0,0,1,0,0,0,0,0,0,- ,- ,,,SAN DIEGO,SAN DIEGO,-117.1818314,32.83437347
9188578,2020,2/3/21,3711,11/15/20,1813,SD7838,,7,5,7,3711,0,0,0,,0,122,BALBOA AV,BOYES ST,0,,Y,A,-,N,,,,,,,,,,Y,4,0,1,2,A,-,9,21802,A,M,D,C,A,A,H,-,C,D,0,,,,,Y,,A,1,0,0,1,0,0,0,0,0,0,- ,- ,,,SAN DIEGO,SAN DIEGO,,
9188579,2020,2/3/21,3711,11/14/20,1410,SD7884,,6,5,7,3711,0,0,0,,0,931,MIRA MESA BL,PACIFIC HEIGHTS RD,0,,Y,A,-,N,,,,,,,,,,Y,3,0,3,2,A,-,9,21453,C,N,A,C,A,A,H,-,A,A,0,,,,,Y,,A,1,0,1,2,0,0,0,0,0,0,- ,- ,,,SAN DIEGO,SAN DIEGO,-117.1895294,32.90003967
9188580,2020,2/3/21,3711,11/13/20,2239,SD8404,,5,5,7,3711,0,0,0,,0,615,ROSECRANS ST,OLIPHANT ST,100,S,N,B,-,N,,,,,,,,,,Y,4,0,2,2,A,-,8,22107,,N,D,C,A,A,H,-,C,D,0,,,,,Y,,A,1,0,0,2,0,0,0,0,0,0,- ,- ,,,SAN DIEGO,SAN DIEGO,-117.2244797,32.73018646
9188581,2020,2/5/21,3711,11/14/20,1102,SD1208,,6,5,7,3711,0,0,0,,0,712,WEST SAN YSIDRO BL,W PARK AV,0,,Y,A,-,N,,,,,,,,,,N,4,0,2,2,A,-,5,21460,A,N,D,C,A,A,H,-,A,A,0,,,,,Y,,A,1,0,0,2,0,0,0,0,0,0,- ,- ,,,SAN DIEGO,SAN DIEGO,-117.0445099,32.55229187