CASE_ID,ACCIDENT_YEAR,PROC_DATE,JURIS,COLLISION_DATE,COLLISION_TIME,OFFICER_ID,REPORTING_DISTRICT,DAY_OF_WEEK,CHP_SHIFT,POPULATION,CNTY_CITY_LOC,SPECIAL_COND,BEAT_TYPE,CHP_BEAT_TYPE,CITY_DIVISION_LAPD,CHP_BEAT_CLASS,BEAT_NUMBER,PRIMARY_RD,SECONDARY_RD,DISTANCE,DIRECTION,INTERSECTION,WEATHER_1,WEATHER_2,STATE_HWY_IND,CALTRANS_COUNTY,CALTRANS_DISTRICT,STATE_ROUTE,ROUTE_SUFFIX,POSTMILE_PREFIX,POSTMILE,LOCATION_TYPE,RAMP_INTERSECTION,SIDE_OF_HWY,TOW_AWAY,COLLISION_SEVERITY,NUMBER_KILLED,NUMBER_INJURED,PARTY_COUNT,PRIMARY_COLL_FACTOR,PCF_CODE_OF_VIOL,PCF_VIOL_CATEGORY,PCF_VIOLATION,PCF_VIOL_SUBSECTION,HIT_AND_RUN,TYPE_OF_COLLISION,MVIW,PED_ACTION,ROAD_SURFACE,ROAD_COND_1,ROAD_COND_2,LIGHTING,CONTROL_DEVICE,CHP_ROAD_TYPE,PEDESTRIAN_ACCIDENT,BICYCLE_ACCIDENT,MOTORCYCLE_ACCIDENT,TRUCK_ACCIDENT,NOT_PRIVATE_PROPERTY,ALCOHOL_INVOLVED,STWD_VEHTYPE_AT_FAULT,CHP_VEHTYPE_AT_FAULT,COUNT_SEVERE_INJ,COUNT_VISIBLE_INJ,COUNT_COMPLAINT_PAIN,COUNT_PED_KILLED,COUNT_PED_INJURED,COUNT_BICYCLIST_KILLED,COUNT_BICYCLIST_INJURED,COUNT_MC_KILLED,COUNT_MC_INJURED,PRIMARY_RAMP,SECONDARY_RAMP,LATITUDE,LONGITUDE,COUNTY,CITY,POINT_X,POINT_Y
9202551,2020,2/11/21,3711,12/18/20,1530,SD6532,,5,5,7,3711,0,0,0,,0,612,WOMBLE RD,TRUXTUN RD,0,,Y,-,-,N,,,,,,,,,,N,4,0,1,2,D,-,0,,,N,G,B,B,-,-,-,-,-,0,Y,,,,Y,,-,- ,0,0,1,0,1,0,0,0,0,- ,- ,,,SAN DIEGO,SAN DIEGO,-117.2177124,32.73598862
9202552,2020,2/11/21,3711,12/17/20,1800,SD1233,,4,5,7,3711,0,0,0,,0,614,BACON ST,NEWPORT AV,0,,Y,A,-,N,,,,,,,,,,N,4,0,1,2,D,-,0,,,M,G,-,B,A,H,-,C,A,0,Y,,,,Y,,-,- ,0,0,1,0,1,0,0,0,0,- ,- ,,,SAN DIEGO,SAN DIEGO,-117.2510529,32.74687195
9202553,2020,2/11/21,3711,12/19/20,1757,SD1421,,6,5,7,3711,0,0,0,,0,122,INGRAHAM ST,LA CIMA DR,0,N,N,A,-,N,,,,,,,,,,Y,4,0,1,2,A,-,8,22107,,N,C,E,A,A,H,-,C,D,0,,,,,Y,,A,1,0,0,1,0,0,0,0,0,0,- ,- ,,,SAN DIEGO,SAN DIEGO,-117.2366486,32.78274918
9202554,2020,2/11/21,3711,12/13/20,2500,SD7797,,7,5,7,3711,0,0,0,,0,437,PARADISE VALLEY RD,PARKWOOD DR,0,,Y,A,-,N,,,,,,,,,,N,4,0,2,2,A,-,9,21801,A,N,A,C,A,A,H,-,C,D,0,,,,,Y,Y,A,1,0,0,2,0,0,0,0,0,0,- ,- ,,,SAN DIEGO,SAN DIEGO,-117.0330582,32.69319916
9203136,2020,1/20/21,3711,11/21/20,1609,R1772,OCOTI,6,5,7,3711,0,0,0,,0,906,WOLF WELL RD,QUARRY RD,0,,N,A,-,N,,,,,,,,,,Y,2,0,1,1,A,-,3,38305,,N,F,I,A,A,A,-,B,D,0,,,Y,,Y,,C,2,1,0,0,0,0,0,0,0,1,- ,- ,33.17805862,-116.0880814,SAN DIEGO,SAN DIEGO,,
9203921,2020,2/9/21,3711,12/8/20,1700,SD7807,,2,5,7,3711,0,0,0,,0,114,TOLOWA ST,TOLOWA ST 4203,20,E,N,-,-,N,,,,,,,,,,N,3,0,1,2,B,-,22,,,N,H,G,A,A,H,-,A,D,0,,Y,,,Y,,A,8,0,1,0,0,0,0,1,0,0,- ,- ,,,SAN DIEGO,SAN DIEGO,,
9203922,2020,2/5/21,3711,12/10/20,945,SD6999,,4,5,7,3711,0,0,0,,0,315,MISSION CENTER RD,AQUATERA DRWY,0,,Y,A,-,N,,,,,,,,,,Y,4,0,2,2,D,-,0,,,N,D,C,A,A,H,-,A,A,0,,,,,Y,,-,- ,0,0,2,0,0,0,0,0,0,- ,- ,,,SAN DIEGO,SAN DIEGO,-117.1545029,32.77930832
9203923,2020,2/5/21,3711,12/10/20,1245,SD7275,,4,5,7,3711,0,0,0,,0,116,MORENA BL,BAKER ST,0,,Y,A,-,N,,,,,,,,,,Y,3,0,2,2,A,-,9,21801,A,N,C,C,A,A,H,-,A,D,0,,,,,Y,,A,1,0,1,1,0,0,0,0,0,0,- ,- ,,,SAN DIEGO,SAN DIEGO,-117.2108002,32.80065155
9203924,2020,2/5/21,3711,12/10/20,1423,SD6980,,4,5,7,3711,0,0,0,,0,529,HAWTHORN ST,HAWTHORN ST 500,0,,Y,A,-,N,,,,,,,,,,N,4,0,1,2,A,-,12,22450,A,M,D,C,A,A,H,-,A,D,0,,,,,Y,,-,99,0,0,1,0,0,0,0,0,0,- ,- ,,,SAN DIEGO,SAN DIEGO,,
9203925,2020,2/5/21,3711,12/9/20,1715,SD7845,,3,5,7,3711,0,0,0,,0,437,SOUTH WOODMAN ST,S WOODMAN ST 2628,0,,Y,A,-,N,,,,,,,,,,N,3,0,1,2,A,-,8,38314,,M,C,G,A,A,H,-,D,D,0,,Y,,,Y,,L,4,0,1,0,0,0,0,1,0,0,- ,- ,,,SAN DIEGO,SAN DIEGO,,
9203926,2020,2/5/21,3711,12/3/20,1040,SD6418,,4,5,7,3711,0,0,0,,0,242,MAYA LINDA RD,CARROLL CANYON RD,80,N,N,A,-,N,,,,,,,,,,N,3,0,1,1,A,-,3,22350,,N,H,A,A,A,-,-,A,D,0,,Y,,,Y,,L,4,0,1,0,0,0,0,1,0,0,- ,- ,,,SAN DIEGO,SAN DIEGO,-117.1179657,32.90358734
9203927,2020,2/9/21,3711,12/4/20,610,SD7261,,5,5,7,3711,0,0,0,,0,231,POWAY RD,POWAY RD 11000,0,,Y,A,-,N,,,,,,,,,,N,4,0,1,2,A,-,9,21453,C,N,D,C,A,A,H,-,B,A,0,,,Y,,Y,,C,2,0,0,1,0,0,0,0,0,1,- ,- ,,,SAN DIEGO,SAN DIEGO,,
9203928,2020,2/5/21,3711,12/9/20,440,SD8695,,3,5,7,3711,0,0,0,,0,115,PALMILLA DR,CAMINITO GRIMALDI,0,,Y,A,-,N,,,,,,,,,,Y,4,0,1,1,A,-,8,22107,,N,A,I,A,A,H,-,C,A,0,,,,,Y,Y,A,1,0,0,1,0,0,0,0,0,0,- ,- ,,,SAN DIEGO,SAN DIEGO,-117.2251587,32.85820007
9203929,2020,2/5/21,3711,12/2/20,1738,SD7508,,3,5,7,3711,0,0,0,,0,122,LA JOLLA BL,LA JOLLA BL 5100,0,,Y,A,-,N,,,,,,,,,,N,3,0,1,2,A,-,10,21950,A,N,G,B,B,A,H,-,C,A,0,Y,,,,Y,,A,1,0,1,0,0,1,0,0,0,0,- ,- ,,,SAN DIEGO,SAN DIEGO,,
9203930,2020,2/5/21,3711,12/2/20,1040,SD6104,,3,5,7,3711,0,0,0,,0,832,UNIVERSITY AV,42ND ST,0,,Y,A,-,N,,,,,,,,,,N,4,0,1,2,A,-,3,22350,,N,C,C,A,A,H,-,A,A,0,,,,,Y,,A,1,0,0,1,0,0,0,0,0,0,- ,- ,,,SAN DIEGO,SAN DIEGO,-117.1044769,32.74966812
9203932,2020,2/5/21,3711,12/11/20,1743,SD7109,,5,5,7,3711,0,0,0,,0,721,PALM AV,16TH ST,0,,Y,A,-,N,,,,,,,,,,Y,4,0,1,2,A,-,9,21453,C,N,D,D,A,A,H,-,C,A,0,,,,,Y,Y,A,1,0,0,1,0,0,0,0,0,0,- ,- ,,,SAN DIEGO,SAN DIEGO,-117.0995026,32.5839386
9203933,2020,2/5/21,3711,12/12/20,236,SD5655,,6,5,7,3711,0,0,0,,0,327,ALVARADO RD,STERLING VERDE DR,0,,Y,B,-,N,,,,,,,,,,Y,4,0,1,3,A,-,8,22107,,N,C,E,A,A,H,-,C,D,0,,,,,Y,,A,1,0,0,1,0,0,0,0,0,0,- ,- ,,,SAN DIEGO,SAN DIEGO,,
9203961,2020,2/16/21,3711,12/11/20,2210,SD8404,,5,5,7,3711,0,0,0,,0,614,WEST POINT LOMA BL,GREENE ST,0,,Y,B,-,N,,,,,,,,,,N,3,0,1,3,A,-,8,22107,,M,C,G,A,A,H,-,C,D,0,,Y,,,Y,,-,99,0,1,0,0,0,0,0,0,0,- ,- ,,,SAN DIEGO,SAN DIEGO,-117.2411118,32.7506485
9203963,2020,2/16/21,3711,12/12/20,837,SD7956,,6,5,7,3711,0,0,0,,0,722,PALM AV,SATURN BL,63,E,N,A,-,N,,,,,,,,,,N,4,0,1,2,A,-,21,22106,,N,C,C,A,A,H,-,A,A,0,,,,,Y,,A,1,0,0,1,0,0,0,0,0,0,- ,- ,,,SAN DIEGO,SAN DIEGO,-117.0924225,32.58374405
9203964,2020,2/16/21,3711,12/12/20,1220,SD1026,,6,5,7,3711,0,0,0,,0,523,WEST HARBOR DR,1ST AV,50,N,N,A,-,N,,,,,,,,,,N,4,0,1,2,A,-,9,21804,A,M,G,B,A,A,H,-,A,A,0,,Y,,,Y,,-,99,0,0,1,0,0,0,1,0,0,- ,- ,,,SAN DIEGO,SAN DIEGO,-117.1644058,32.70894241
9203965,2020,2/16/21,3711,12/13/20,1256,SD7316,,7,5,7,3711,0,0,0,,0,242,MIRA MESA BL,CAMINO RUIZ,1000,W,N,A,-,N,,,,,,,,,,Y,4,0,2,2,A,-,3,22350,,N,F,C,A,A,H,-,A,A,0,,,,,Y,,A,1,0,0,2,0,0,0,0,0,0,- ,- ,,,SAN DIEGO,SAN DIEGO,-117.1472397,32.91269684
9203966,2020,2/16/21,3711,12/11/20,905,SD1213,,5,5,7,3711,0,0,0,,0,813,EL CAJON BL,UTAH ST,20,N,N,A,-,N,,,,,,,,,,N,3,0,1,2,A,-,10,21950,A,N,G,B,B,A,H,-,A,A,0,Y,,,,Y,,A,1,0,1,0,0,1,0,0,0,0,- ,- ,,,SAN DIEGO,SAN DIEGO,-117.1326523,32.75540161
9203967,2020,2/16/21,3711,12/10/20,1550,SD7985,,4,5,7,3711,0,0,0,,0,315,CAMINO DE LA REINA,CAMINO DEL ESTE,0,,Y,B,-,N,,,,,,,,,,Y,3,0,1,2,A,-,12,21453,A,N,D,C,A,A,H,-,A,A,0,,,,,Y,,A,1,0,1,0,0,0,0,0,0,0,- ,- ,,,SAN DIEGO,SAN DIEGO,-117.1441879,32.77088928
9203968,2020,2/16/21,3711,12/5/20,1200,SD7959,,6,5,7,3711,0,0,0,,0,522,1ST AV,MARKET ST,0,,Y,A,-,N,,,,,,,,,,Y,4,0,1,2,A,-,12,21453,A,N,D,C,A,A,H,-,A,A,0,,,,,Y,Y,A,1,0,0,1,0,0,0,0,0,0,- ,- ,,,SAN DIEGO,SAN DIEGO,-117.1637878,32.7115097
9203969,2020,2/16/21,3711,12/4/20,1813,SD8377,,5,5,7,3711,0,0,0,,0,521,11TH AV,ISLAND AV,52,N,N,A,-,N,,,,,,,,,,N,3,0,1,1,A,-,17,21228,A,N,F,A,A,A,H,-,C,A,0,,,,,Y,,M,94,0,1,0,0,0,0,0,0,0,- ,- ,,,SAN DIEGO,SAN DIEGO,-117.1546402,32.71058273
9203970,2020,2/17/21,3711,12/4/20,1928,SD7839,,5,5,7,3711,0,0,0,,0,243,MIRAMAR RD,CABOT DR,50,W,N,B,-,N,,,,,,,,,,Y,3,0,2,3,A,-,3,22350,,N,C,C,A,A,H,-,C,A,0,,,,,Y,Y,A,1,0,1,1,0,0,0,0,0,0,- ,- ,,,SAN DIEGO,SAN DIEGO,-117.1429138,32.88970184
9203971,2020,2/17/21,3711,12/4/20,1421,SD8377,,5,5,7,3711,0,0,0,,0,512,COMMERCIAL ST,S EVANS ST,13,W,N,A,-,N,,,,,,,,,,N,3,0,1,2,A,-,9,21802,A,M,D,C,A,A,H,-,A,A,0,,Y,,,Y,,L,4,0,1,0,0,0,0,1,0,0,- ,- ,,,SAN DIEGO,SAN DIEGO,-117.1354904,32.70526886
9203972,2020,2/17/21,3711,12/4/20,1553,SD1042,,5,5,7,3711,0,0,0,,0,615,CHATSWORTH BL,MILAN ST,78,W,N,A,-,N,,,,,,,,,,Y,4,0,3,2,A,-,8,22107,,N,B,C,A,A,H,-,B,D,0,,,,,Y,,I,11,0,0,3,0,0,0,0,0,0,- ,- ,,,SAN DIEGO,SAN DIEGO,-117.2343597,32.73299789
9203973,2020,3/1/21,3711,12/4/20,1411,SD1421,,5,5,7,3711,0,0,0,,0,122,BERYL,NOYES ST,93,E,N,A,-,N,,,,,,,,,,Y,4,0,2,4,A,-,3,22350,,N,C,C,A,A,H,-,A,D,0,,,,,Y,,A,1,0,0,2,0,0,0,0,0,0,- ,- ,,,SAN DIEGO,SAN DIEGO,-117.2323303,32.80863571
9203974,2020,2/17/21,3711,12/4/20,1547,SD7381,,5,5,7,3711,0,0,0,,0,618,POINT LOMA AV,FROUDE,0,,Y,A,-,N,,,,,,,,,,N,3,0,1,4,A,-,8,22107,,N,B,E,A,A,H,-,A,D,0,,,,,Y,,A,1,0,1,0,0,0,0,0,0,0,- ,- ,,,SAN DIEGO,SAN DIEGO,-117.2514191,32.73419952
9203975,2020,2/17/21,3711,12/1/20,1524,SD5968,,2,5,7,3711,0,0,0,,0,234,PASEO LUCIDO,CAMINO DEL NORTE,0,,Y,A,-,N,,,,,,,,,,N,4,0,1,2,D,-,0,,,M,C,C,A,A,H,-,A,A,0,,,,,Y,,-,- ,0,0,1,0,0,0,0,0,0,- ,- ,,,SAN DIEGO,SAN DIEGO,-117.0720978,32.99095917
9203976,2020,2/17/21,3711,12/5/20,10,SD6967,,6,5,7,3711,0,0,0,,0,822,TROJAN AV,SHARON PL,130,W,N,A,-,N,,,,,,,,,,Y,3,0,1,2,A,-,8,22107,,N,H,E,A,A,H,-,C,D,0,,,,,Y,Y,A,1,0,1,0,0,0,0,0,0,0,- ,- ,,,SAN DIEGO,SAN DIEGO,-117.0771103,32.7548027
9203977,2020,2/17/21,3711,12/1/20,1226,SD1204,,2,5,7,3711,0,0,0,,0,836,HOME AV,47TH ST,0,,Y,A,-,N,,,,,,,,,,N,4,0,3,2,A,-,8,22103,,N,D,C,A,A,H,-,A,D,0,,,,,Y,,A,1,0,0,3,0,0,0,0,0,0,- ,- ,,,SAN DIEGO,SAN DIEGO,-117.0933609,32.73484039
9203990,2020,2/16/21,3711,12/6/20,1048,SD7956,,7,5,7,3711,0,0,0,,0,722,TOCAYO AV,HOLLISTER ST,748,E,N,A,-,N,,,,,,,,,,N,3,0,1,3,A,-,17,22517,,N,A,G,A,A,H,-,A,D,0,,Y,,,Y,,A,7,0,1,0,0,0,0,1,0,0,- ,- ,,,SAN DIEGO,SAN DIEGO,-117.0817261,32.56429672
9203991,2020,2/16/21,3711,12/6/20,2005,SD7838,,7,5,7,3711,0,0,0,,0,123,W MISSION BAY,INGRAHAM ST,0,,Y,F,-,N,,,,,,,,,,N,3,0,1,1,B,-,22,,,N,E,I,A,A,H,-,C,D,0,,,,,Y,,-,,0,1,0,0,0,0,0,0,0,WO,- ,,,SAN DIEGO,SAN DIEGO,-117.232811,32.76414108
9203992,2020,2/16/21,3711,12/5/20,1750,SD1150,,6,5,7,3711,0,0,0,,0,721,15TH ST,CORONADO AV,0,,Y,A,-,N,,,,,,,,,,Y,3,0,1,1,A,-,8,22107,,N,C,E,A,A,H,-,B,D,0,,,,,Y,,A,1,0,1,0,0,0,0,0,0,0,- ,- ,,,SAN DIEGO,SAN DIEGO,-117.1014099,32.57651138
9203993,2020,2/16/21,3711,12/5/20,722,SD7737,,6,5,7,3711,0,0,0,,0,526,PARK BL,RUSS BL,1003,N,N,A,-,N,,,,,,,,,,N,4,0,1,2,A,-,11,21456,B,N,A,B,B,B,H,-,A,A,0,Y,,,,Y,Y,N,60,0,0,1,0,1,0,0,0,0,- ,- ,,,SAN DIEGO,SAN DIEGO,-117.1528168,32.72186279
9203994,2020,2/16/21,3711,12/11/20,1049,SD8861,,5,5,7,3711,0,0,0,,0,523,F ST,15TH ST,0,,Y,A,-,N,,,,,,,,,,N,3,0,1,2,A,-,12,22450,A,M,B,C,A,A,H,-,A,A,0,,,Y,,Y,,-,99,0,1,0,0,0,0,0,0,1,- ,- ,,,SAN DIEGO,SAN DIEGO,-117.150383,32.71366882
9203995,2020,2/16/21,3711,12/11/20,1608,SD7224,,5,5,7,3711,0,0,0,,0,621,TAIT ST,ULRIC ST,0,,Y,A,-,N,,,,,,,,,,N,4,0,1,2,A,-,10,21950,A,N,G,B,B,A,H,-,A,A,0,Y,,,,Y,,A,1,0,0,1,0,1,0,0,0,0,- ,- ,,,SAN DIEGO,SAN DIEGO,-117.1694107,32.7809906
9203996,2020,2/16/21,3711,12/11/20,1658,SD7987,,5,5,7,3711,0,0,0,,0,813,EL CAJON BL,ARIZONA ST,0,,Y,A,-,N,,,,,,,,,,N,4,0,1,2,A,-,17,21209,,N,B,C,A,A,H,-,A,A,0,,,Y,,Y,Y,C,2,0,0,1,0,0,0,0,0,1,- ,- ,,,SAN DIEGO,SAN DIEGO,-117.1376038,32.75537872
9203997,2020,2/16/21,3711,12/11/20,1817,SD7403,,5,5,7,3711,0,0,0,,0,441,IMPERIAL AV,S 40TH ST,0,,Y,-,-,N,,,,,,,,,,N,4,0,1,2,B,-,22,,,N,-,-,A,A,H,-,C,-,0,,,,,Y,,A,1,0,0,1,0,0,0,0,0,0,- ,- ,,,SAN DIEGO,SAN DIEGO,-117.1079483,32.70397186
9203998,2020,2/16/21,3711,12/11/20,1932,SD79877,,5,5,7,3711,0,0,0,,0,813,ADAMS AV,30TH ST,0,,Y,A,-,N,,,,,,,,,,N,4,0,1,2,A,-,8,22107,,N,A,B,A,A,H,-,C,A,0,,,,,Y,,A,1,0,0,1,0,0,0,0,0,0,- ,- ,,,SAN DIEGO,SAN DIEGO,-117.1302032,32.76287842
9203999,2020,2/16/21,3711,12/11/20,1852,SD7225,,5,5,7,3711,0,0,0,,0,813,32ND ST,REDWOOD ST,0,,Y,A,-,N,,,,,,,,,,N,4,0,1,2,A,-,12,22450,A,M,G,B,B,A,H,-,C,D,0,Y,,,,Y,,-,,0,0,1,0,1,0,0,0,0,- ,- ,,,SAN DIEGO,SAN DIEGO,-117.1250381,32.73743057
9204000,2020,2/16/21,3711,12/11/20,1850,SD7569,,5,5,7,3711,0,0,0,,0,841,COLLEGE AV,JEFF ST,4,N,N,A,-,N,,,,,,,,,,N,4,0,2,3,D,-,0,,,M,C,E,A,-,H,-,C,A,0,,,,,Y,,-,- ,0,0,2,0,0,0,0,0,0,- ,- ,,,SAN DIEGO,SAN DIEGO,-117.0625687,32.75061798
9204001,2020,2/22/21,3711,12/9/20,1655,SD7900,,3,5,7,3711,0,0,0,,0,712,DAIRYMART RD,WEST SAN YSIDRO BL,0,,Y,A,-,N,,,,,,,,,,N,4,0,1,2,A,-,4,21703,,F,C,C,A,A,H,-,C,A,0,,,,,Y,,A,1,0,0,1,0,0,0,0,0,0,- ,- ,,,SAN DIEGO,SAN DIEGO,-117.0624084,32.55963135
9204002,2020,2/11/21,3711,12/9/20,1859,SD1052,,3,5,7,3711,0,0,0,,0,434,SAWTELLE AV,SABRE ST,125,N,N,A,-,N,,,,,,,,,,N,4,0,1,2,A,-,6,21750,,N,B,E,A,A,H,-,C,D,0,,,,,Y,,A,1,0,0,1,0,0,0,0,0,0,- ,- ,,,SAN DIEGO,SAN DIEGO,-117.0274887,32.71286011
9204003,2020,2/11/21,3711,12/10/20,600,SD5498,,4,5,7,3711,0,0,0,,0,314,CHILDRENS WY,BIRMINGHAM WY,525,N,N,A,-,N,,,,,,,,,,N,4,0,1,2,A,-,10,21952,,N,G,B,D,A,H,-,C,D,0,Y,,,,Y,,A,1,0,0,1,0,1,0,0,0,0,- ,- ,,,SAN DIEGO,SAN DIEGO,-117.1507874,32.79764938
9204019,2020,2/11/21,3711,12/5/20,1520,SD7500,,6,5,7,3711,0,0,0,,0,611,SPORTS ARENA BL,SPORTS ARENA BL  3100,0,,Y,A,-,N,,,,,,,,,,Y,2,0,1,2,A,-,7,21658,A,N,B,C,A,A,H,-,A,D,0,,,,,Y,,A,1,1,0,0,0,0,0,0,0,0,- ,- ,,,SAN DIEGO,SAN DIEGO,,
9204081,2020,2/25/21,3711,11/28/20,45,SD7667,,6,5,7,3711,0,0,0,,0,121,MISSION BL,SAN LUIS OBISPO PL,0,,N,A,-,N,,,,,,,,,,N,3,0,1,3,A,-,8,22107,,M,C,G,A,A,H,-,A,D,0,,Y,,,Y,,-,99,0,1,0,0,0,0,1,0,0,- ,- ,,,SAN DIEGO,SAN DIEGO,-117.2524338,32.7762413
9204442,2020,2/16/21,3711,12/16/20,1340,SD1024,,3,5,7,3711,0,0,0,,0,115,REGENTS RD,NOBEL DR,0,,Y,A,-,N,,,,,,,,,,N,3,0,1,2,A,-,17,22517,,N,E,G,A,A,H,-,A,A,0,,Y,,,Y,,A,1,0,1,0,0,0,0,1,0,0,- ,- ,,,SAN DIEGO,SAN DIEGO,-117.2191315,32.86748886
9204444,2020,2/16/21,3711,12/22/20,1740,SD1155,,2,5,7,3711,0,0,0,,0,515,IMPERIAL AV,30TH ST,183,W,N,A,-,N,,,,,,,,,,N,4,0,1,2,A,-,11,21955,,N,G,B,D,A,H,-,C,A,0,Y,,,,Y,,N,60,0,0,1,0,1,0,0,0,0,- ,- ,,,SAN DIEGO,SAN DIEGO,-117.1301117,32.70639801
9204445,2020,2/17/21,3711,12/23/20,1827,SD6011,,3,5,7,3711,0,0,0,,0,121,MISSION BL,SAN FERNANDO PL,0,,Y,A,-,N,,,,,,,,,,N,3,0,3,2,A,-,9,21801,A,N,D,C,A,A,H,-,C,A,0,,,,,Y,,A,1,0,1,2,0,0,0,0,0,0,- ,- ,,,SAN DIEGO,SAN DIEGO,-117.2509995,32.76771927
9204446,2020,2/17/21,3711,12/19/20,215,SD4310,,6,5,7,3711,0,0,0,,0,627,EIGHTH AV,MARKET ST,0,,N,A,-,N,,,,,,,,,,N,3,0,1,1,A,-,3,22350,,N,F,A,A,A,H,-,C,D,0,,,Y,,Y,Y,C,3,0,1,0,0,0,0,0,0,1,- ,- ,,,SAN DIEGO,SAN DIEGO,-117.157402,32.71152115
9204447,2020,2/17/21,3711,12/24/20,1537,SD7648,,4,5,7,3711,0,0,0,,0,931,LUSK BL,BARNES CANYON RD,0,,Y,A,-,N,,,,,,,,,,N,3,0,1,2,A,-,12,21453,A,N,D,C,A,A,H,-,A,A,0,,,,,Y,,-,,0,1,0,0,0,0,0,0,0,- ,- ,,,SAN DIEGO,SAN DIEGO,-117.1957626,32.90010071
9204448,2020,2/17/21,3711,12/25/20,1532,SD6657,,5,5,7,3711,0,0,0,,0,322,WARING RD,ZION AV,12,N,N,A,-,N,,,,,,,,,,Y,3,0,3,2,A,-,12,21453,A,N,D,C,A,A,H,-,A,A,0,,,,,Y,,A,1,0,2,1,0,0,0,0,0,0,- ,- ,,,SAN DIEGO,SAN DIEGO,-117.0806351,32.79277039
9204449,2020,2/17/21,3711,12/25/20,2016,SD7219,,5,5,7,3711,0,0,0,,0,113,BALBOA AV,MORAGA AV,0,,Y,A,-,N,,,,,,,,,,Y,4,0,2,2,D,-,0,,,N,D,C,A,A,H,-,C,A,0,,,,,Y,,-,- ,0,0,2,0,0,0,0,0,0,- ,- ,,,SAN DIEGO,SAN DIEGO,-117.2106094,32.80799866
9204450,2020,2/17/21,3711,12/25/20,1900,AS7925,,5,5,7,3711,0,0,0,,0,312,TIERRASANTA BL,TIERRASANTA BL  10700,0,,Y,A,-,N,,,,,,,,,,N,4,0,1,2,D,-,0,,,M,C,C,A,A,H,-,C,A,0,,,,,Y,Y,-,- ,0,0,1,0,0,0,0,0,0,- ,- ,,,SAN DIEGO,SAN DIEGO,,
9204451,2020,2/17/21,3711,12/25/20,2250,SD1423,,5,5,7,3711,0,0,0,,0,114,CLAIREMONT MESA BL,CLAIREMONT MESA DR,0,,Y,A,-,N,,,,,,,,,,Y,3,0,2,2,A,-,12,21453,A,N,-,C,A,A,H,-,C,A,0,,,,Y,Y,,F,26,0,1,1,0,0,0,0,0,0,- ,- ,,,SAN DIEGO,SAN DIEGO,-117.2158585,32.83126068
9204452,2020,2/17/21,3711,12/26/20,1431,SD7401,,6,5,7,3711,0,0,0,,0,836,HOME AV,47TH ST,105,E,N,A,-,N,,,,,,,,,,N,3,0,1,2,A,-,3,22350,,N,C,C,A,A,H,-,A,D,0,,,,,Y,,A,1,0,1,0,0,0,0,0,0,0,- ,- ,,,SAN DIEGO,SAN DIEGO,-117.0931396,32.73505783
9204453,2020,2/17/21,3711,12/26/20,1230,SD8695,,6,5,7,3711,0,0,0,,0,124,AVENIDA DE LA PLAYA,AVENIDA DE LA PLAYA  2246,0,,Y,A,-,N,,,,,,,,,,N,4,0,2,4,A,-,21,22106,,N,C,B,F,A,H,-,A,A,0,Y,,,,Y,,-,,0,0,2,0,2,0,0,0,0,- ,- ,,,SAN DIEGO,SAN DIEGO,,
9204454,2020,2/17/21,3711,12/26/20,1945,SD7564,,6,5,7,3711,0,0,0,,0,246,ASPENDELL DR,ASPENDELL DR  11640,0,,Y,-,-,N,,,,,,,,,,Y,3,0,2,4,B,-,22,,,N,A,E,A,A,H,-,C,-,0,,,,,Y,,A,1,0,2,0,0,0,0,0,0,0,- ,- ,,,SAN DIEGO,SAN DIEGO,,
9204455,2020,2/17/21,3711,12/26/20,1310,SD4310,,6,5,7,3711,0,0,0,,0,451,BAYVIEW HEIGHTS DR,BAYVIEW HEIGHTS DR  2000,0,,Y,A,-,N,,,,,,,,,,N,4,0,1,2,A,-,4,21703,,N,C,C,A,A,H,-,A,D,0,,,,,Y,,-,99,0,0,1,0,0,0,0,0,0,- ,- ,,,SAN DIEGO,SAN DIEGO,,
9204456,2020,2/17/21,3711,12/9/20,540,D7547,,3,5,7,3711,0,0,0,,0,521,16TH ST,G ST,100,S,N,A,-,N,,,,,,,,,,N,4,0,1,2,A,-,11,21954,A,M,G,G,A,A,H,-,C,D,0,,Y,,,Y,,L,4,0,0,1,0,0,0,1,0,0,- ,- ,,,SAN DIEGO,SAN DIEGO,-117.1494827,32.71233749
9204457,2020,2/23/21,3711,12/9/20,936,SD5624,,3,5,7,3711,0,0,0,,0,934,CARMEL VALLEY RD,EL CAMINO REAL,0,,Y,A,-,N,,,,,,,,,,N,2,0,1,2,A,-,10,21950,A,N,G,B,B,A,H,-,A,A,0,Y,,,,Y,,A,8,1,0,0,0,1,0,0,0,0,- ,- ,,,SAN DIEGO,SAN DIEGO,-117.2371521,32.93471146
9204458,2020,2/17/21,3711,12/17/20,1529,SD1052,,4,5,7,3711,0,0,0,,0,451,COLLEGE AV,MERIDIAN AV,209,E,N,B,-,N,,,,,,,,,,N,4,0,1,2,A,-,4,21703,,N,C,C,A,A,H,-,A,D,0,,,,,Y,,A,1,0,0,1,0,0,0,0,0,0,- ,- ,,,SAN DIEGO,SAN DIEGO,-117.0568924,32.74538422
9204459,2020,2/17/21,3711,12/22/20,1055,SD6303,,2,5,7,3711,0,0,0,,0,522,MARKET ST,1ST AV,0,,Y,A,-,N,,,,,,,,,,Y,4,0,3,2,A,-,12,21453,A,N,D,C,A,A,H,-,A,A,0,,,,,Y,,A,1,0,0,3,0,0,0,0,0,0,- ,- ,,,SAN DIEGO,SAN DIEGO,-117.1637878,32.7115097